-- MySQL dump 8.22
--
-- Host: localhost    Database: netmrg
---------------------------------------------------------
-- Server version	3.23.52

--
-- Table structure for table 'conditions'
--

CREATE TABLE conditions (
  id int(11) NOT NULL auto_increment,
  event_id int(11) NOT NULL default '0',
  value bigint(20) NOT NULL default '0',
  condition smallint(6) NOT NULL default '0',
  logic_condition smallint(6) NOT NULL default '0',
  value_type smallint(6) NOT NULL default '0',
  PRIMARY KEY  (id),
  KEY event_id (event_id)
) TYPE=MyISAM;

--
-- Dumping data for table 'conditions'
--


INSERT INTO conditions VALUES (3,3,75,5,0,0);
INSERT INTO conditions VALUES (4,3,100,3,0,0);
INSERT INTO conditions VALUES (7,6,75,0,0,0);
INSERT INTO conditions VALUES (6,5,100,2,0,0);
INSERT INTO conditions VALUES (8,4,75,5,0,0);
INSERT INTO conditions VALUES (9,4,100,3,0,0);
INSERT INTO conditions VALUES (10,7,75,0,0,0);
INSERT INTO conditions VALUES (11,8,100,2,0,0);
INSERT INTO conditions VALUES (12,9,5,3,0,0);
INSERT INTO conditions VALUES (13,10,5,2,0,0);
INSERT INTO conditions VALUES (14,10,10,3,0,0);
INSERT INTO conditions VALUES (15,11,10,2,0,0);

--
-- Table structure for table 'data_types'
--

CREATE TABLE data_types (
  id tinyint(4) NOT NULL auto_increment,
  rrd_type varchar(50) NOT NULL default '',
  name varchar(50) NOT NULL default '',
  PRIMARY KEY  (id),
  UNIQUE KEY id (id),
  KEY id_2 (id)
) TYPE=MyISAM;

--
-- Dumping data for table 'data_types'
--


INSERT INTO data_types VALUES (1,'GAUGE','Gauge');
INSERT INTO data_types VALUES (2,'COUNTER','Counter');
INSERT INTO data_types VALUES (3,'DERIVE','Derive (a counter without overflow protection)');
INSERT INTO data_types VALUES (4,'ABSOLUTE','Absolute (a counter reset when read)');
INSERT INTO data_types VALUES (-1,'','Not Graphed');

--
-- Table structure for table 'dev_parents'
--

CREATE TABLE dev_parents (
  grp_id int(11) NOT NULL default '0',
  dev_id int(11) NOT NULL default '0',
  KEY grp_id (grp_id,dev_id)
) TYPE=MyISAM;

--
-- Dumping data for table 'dev_parents'
--


INSERT INTO dev_parents VALUES (2,1);
INSERT INTO dev_parents VALUES (2,2);
INSERT INTO dev_parents VALUES (2,3);

--
-- Table structure for table 'event_log'
--

CREATE TABLE event_log (
  id bigint(20) NOT NULL auto_increment,
  event_id int(11) NOT NULL default '0',
  date bigint(20) NOT NULL default '0',
  time_since_last_change bigint(20) NOT NULL default '0',
  PRIMARY KEY  (id),
  KEY event_id (event_id)
) TYPE=MyISAM;

--
-- Dumping data for table 'event_log'
--


INSERT INTO event_log VALUES (4,6,1044836400,1044834397);
INSERT INTO event_log VALUES (2,8,1044834961,1044832958);
INSERT INTO event_log VALUES (3,10,1044834961,1044834961);
INSERT INTO event_log VALUES (5,9,1044836400,1044834397);
INSERT INTO event_log VALUES (6,4,1044836400,1044834397);
INSERT INTO event_log VALUES (7,3,1044836461,1044834458);
INSERT INTO event_log VALUES (8,6,1044836521,1044834518);
INSERT INTO event_log VALUES (9,3,1044836641,1044834638);
INSERT INTO event_log VALUES (10,6,1044836762,1044834759);
INSERT INTO event_log VALUES (11,3,1044836821,180);

--
-- Table structure for table 'events'
--

CREATE TABLE events (
  id int(11) NOT NULL auto_increment,
  mon_id int(11) NOT NULL default '0',
  trigger_type tinyint(4) NOT NULL default '2',
  last_status int(11) NOT NULL default '0',
  situation int(11) NOT NULL default '0',
  name varchar(100) NOT NULL default '',
  last_triggered bigint(20) NOT NULL default '0',
  PRIMARY KEY  (id),
  UNIQUE KEY id_2 (id),
  KEY id (id)
) TYPE=MyISAM;

--
-- Dumping data for table 'events'
--


INSERT INTO events VALUES (4,14,1,1,2,'Too Many Processes',2003);
INSERT INTO events VALUES (3,7,1,1,2,'Too Many Processes',1044836821);
INSERT INTO events VALUES (5,7,1,0,3,'Way Too Many Processes',2003);
INSERT INTO events VALUES (6,7,1,0,1,'Processes Normal',1044836762);
INSERT INTO events VALUES (7,14,1,0,1,'Processes Normal',2003);
INSERT INTO events VALUES (8,14,1,0,3,'Way too many processes',2003);
INSERT INTO events VALUES (9,8,1,1,1,'Users OK',2003);
INSERT INTO events VALUES (10,8,1,0,2,'Too Many Users',2003);
INSERT INTO events VALUES (11,8,1,0,3,'Way Too Many Users',0);

--
-- Table structure for table 'graph_ds'
--

CREATE TABLE graph_ds (
  id int(11) NOT NULL auto_increment,
  src_type int(11) NOT NULL default '0',
  src_id int(11) NOT NULL default '0',
  color varchar(10) NOT NULL default '',
  type int(11) NOT NULL default '0',
  graph_id int(11) NOT NULL default '0',
  label varchar(100) NOT NULL default '',
  align int(11) NOT NULL default '1',
  show_stats tinyint(4) NOT NULL default '1',
  show_indicator tinyint(4) NOT NULL default '0',
  hrule_value varchar(15) NOT NULL default '0',
  hrule_color varchar(7) NOT NULL default '#FF0000',
  hrule_label varchar(200) NOT NULL default '',
  show_inverted tinyint(4) NOT NULL default '0',
  position int(11) NOT NULL default '0',
  alt_graph_id int(11) NOT NULL default '0',
  use_alt tinyint(4) NOT NULL default '0',
  multiplier int(11) default NULL,
  PRIMARY KEY  (id),
  UNIQUE KEY id (id),
  KEY id_2 (id),
  KEY graph_id (graph_id)
) TYPE=MyISAM;

--
-- Dumping data for table 'graph_ds'
--


INSERT INTO graph_ds VALUES (1,0,4,'#993300',4,1,'System',1,1,0,'','','',0,1,1,0,1);
INSERT INTO graph_ds VALUES (2,0,5,'#3333CC',5,1,'User',1,1,0,'','','',0,2,1,0,1);
INSERT INTO graph_ds VALUES (3,0,6,'#336600',5,1,'Nice',1,1,0,'','','',0,3,1,0,1);
INSERT INTO graph_ds VALUES (4,0,11,'#993300',4,2,'System',1,1,0,'','','',0,1,1,0,1);
INSERT INTO graph_ds VALUES (5,0,12,'#3333CC',5,2,'User',1,1,0,'','','',0,2,1,0,1);
INSERT INTO graph_ds VALUES (6,0,13,'#336600',5,2,'Nice',1,1,0,'','','',0,3,1,0,1);
INSERT INTO graph_ds VALUES (7,0,17,'#009933',4,3,'Inbound',1,1,0,'','','',0,1,1,0,1);
INSERT INTO graph_ds VALUES (8,0,18,'#3333FF',2,3,'Outbound',1,1,0,'','','',0,2,1,0,1);
INSERT INTO graph_ds VALUES (9,0,21,'#009933',4,4,'Inbound',1,1,0,'','','',0,1,1,0,1);
INSERT INTO graph_ds VALUES (10,0,22,'#3333FF',2,4,'Outbound',1,1,0,'','','',0,2,1,0,1);
INSERT INTO graph_ds VALUES (11,0,23,'#009933',4,5,'Inbound',1,1,0,'','','',0,1,1,0,1);
INSERT INTO graph_ds VALUES (12,0,24,'#3333FF',2,5,'Outbound',1,1,0,'','','',0,2,1,0,1);
INSERT INTO graph_ds VALUES (13,0,25,'#CC3300',4,6,'Script',1,1,0,'','','',0,1,6,0,1);
INSERT INTO graph_ds VALUES (14,0,26,'#33CC00',5,6,'SNMP',1,1,0,'','','',0,2,6,0,1);
INSERT INTO graph_ds VALUES (15,0,27,'#6666FF',5,6,'SQL',1,1,0,'','','',0,3,6,0,1);
INSERT INTO graph_ds VALUES (16,0,40,'#FF9900',5,6,'Internal',1,1,0,'0','#FF0000','',0,4,6,0,1);

--
-- Table structure for table 'graphs'
--

CREATE TABLE graphs (
  id int(11) NOT NULL auto_increment,
  name varchar(100) NOT NULL default '',
  comment varchar(255) NOT NULL default '',
  xsize int(11) NOT NULL default '0',
  ysize int(11) NOT NULL default '0',
  vert_label varchar(100) NOT NULL default '',
  show_legend tinyint(4) NOT NULL default '0',
  show_total_line tinyint(4) default '0',
  show_total_stats tinyint(4) default '0',
  total_line_color varchar(10) NOT NULL default '#000000',
  show_summed tinyint(4) NOT NULL default '0',
  max_custom int(11) NOT NULL default '0',
  disp_integer_only tinyint(4) NOT NULL default '0',
  disp_sum int(11) default '0',
  PRIMARY KEY  (id),
  UNIQUE KEY id (id),
  KEY id_2 (id)
) TYPE=MyISAM;

--
-- Dumping data for table 'graphs'
--


INSERT INTO graphs VALUES (1,'Oak - CPU Utilization','',575,100,'% Usage',1,1,1,'#000000',0,100,0,0);
INSERT INTO graphs VALUES (2,'Pine - CPU Utilization','',575,100,'% Usage',1,1,1,'#000000',0,100,0,0);
INSERT INTO graphs VALUES (3,'Oak - LAN Traffic','',575,100,'bytes / sec',1,0,0,'#000000',0,0,0,1);
INSERT INTO graphs VALUES (4,'Pine - Eth0','',575,100,'bytes / sec',1,0,0,'#000000',0,0,0,1);
INSERT INTO graphs VALUES (5,'Oak - Internet Traffic','',575,100,'bytes / sec',1,0,0,'#000000',0,0,0,1);
INSERT INTO graphs VALUES (6,'NetMRG - Active Monitors','',575,100,'Monitors',1,1,1,'#000000',0,0,1,0);

--
-- Table structure for table 'mon_device_types'
--

CREATE TABLE mon_device_types (
  id int(11) NOT NULL auto_increment,
  name varchar(200) NOT NULL default '',
  comment varchar(250) NOT NULL default '',
  PRIMARY KEY  (id),
  UNIQUE KEY id (id),
  KEY id_2 (id)
) TYPE=MyISAM;

--
-- Dumping data for table 'mon_device_types'
--


INSERT INTO mon_device_types VALUES (8,'Linux Box','');

--
-- Table structure for table 'mon_devices'
--

CREATE TABLE mon_devices (
  id int(11) NOT NULL auto_increment,
  name varchar(50) NOT NULL default '',
  ip varchar(50) NOT NULL default '',
  snmp_read_community varchar(200) NOT NULL default '',
  dev_type int(11) NOT NULL default '0',
  snmp_recache tinyint(4) NOT NULL default '0',
  disabled tinyint(4) NOT NULL default '0',
  snmp_avoided tinyint(4) NOT NULL default '0',
  snmp_uptime bigint(20) default '0',
  snmp_ifnumber int(11) NOT NULL default '0',
  snmp_check_ifnumber int(11) NOT NULL default '1',
  snmp_enabled tinyint(4) NOT NULL default '1',
  status smallint(6) NOT NULL default '0',
  PRIMARY KEY  (id),
  UNIQUE KEY id_2 (id),
  KEY id (id)
) TYPE=MyISAM;

--
-- Dumping data for table 'mon_devices'
--


INSERT INTO mon_devices VALUES (1,'Oak','192.168.1.1','public',8,0,0,0,3718394,3,1,1,2);
INSERT INTO mon_devices VALUES (2,'Pine','192.168.1.11','public',8,0,0,0,3318288,2,1,1,2);
INSERT INTO mon_devices VALUES (3,'NetMRG','','',8,0,0,0,0,0,0,0,0);
INSERT INTO mon_devices VALUES (1000,'Pine','192.168.1.11','public',8,0,0,0,3318295,2,1,1,0);

--
-- Table structure for table 'mon_groups'
--

CREATE TABLE mon_groups (
  id int(11) NOT NULL auto_increment,
  name varchar(100) NOT NULL default '',
  comment varchar(200) NOT NULL default '',
  parent_id int(11) default NULL,
  PRIMARY KEY  (id),
  UNIQUE KEY id (id),
  KEY id_2 (id)
) TYPE=MyISAM;

--
-- Dumping data for table 'mon_groups'
--


INSERT INTO mon_groups VALUES (2,'LAN','',0);

--
-- Table structure for table 'mon_notify'
--

CREATE TABLE mon_notify (
  id int(11) NOT NULL auto_increment,
  name varchar(50) NOT NULL default '',
  cmd varchar(100) NOT NULL default '',
  disabled tinyint(4) NOT NULL default '0',
  PRIMARY KEY  (id),
  UNIQUE KEY id_2 (id),
  KEY id (id)
) TYPE=MyISAM;

--
-- Dumping data for table 'mon_notify'
--


INSERT INTO mon_notify VALUES (1,'Broadcast message to linux users','wall problem with %ip',0);
INSERT INTO mon_notify VALUES (2,'Email root','echo \"message\" | mail root',0);
INSERT INTO mon_notify VALUES (4,'Network Messenger','/bin/send_message 192.168.1.11',0);
INSERT INTO mon_notify VALUES (5,'echo','echo',0);
INSERT INTO mon_notify VALUES (6,'E-Mail Brady (unpingable)','echo \'%dev_name is reported as unpingable.\' | mail -s \'DEVICE %dev_name UNPINGABLE\' brady@pa.net',0);
INSERT INTO mon_notify VALUES (7,'E-Mail Brady (pingable)','echo \'%dev_name is now reported as pingable.\' | mail -s \'DEVICE %dev_name PINGABLE\' brady@pa.net',0);

--
-- Table structure for table 'mon_responses'
--

CREATE TABLE mon_responses (
  id int(11) NOT NULL auto_increment,
  events_id int(11) NOT NULL default '0',
  notify_id int(11) NOT NULL default '0',
  cmd_params varchar(100) default NULL,
  PRIMARY KEY  (id),
  UNIQUE KEY id_2 (id),
  KEY id (id)
) TYPE=MyISAM;

--
-- Dumping data for table 'mon_responses'
--



--
-- Table structure for table 'monitors'
--

CREATE TABLE monitors (
  id int(11) NOT NULL auto_increment,
  sub_dev_id int(11) NOT NULL default '0',
  data_type tinyint(4) NOT NULL default '0',
  min_val bigint(20) default NULL,
  max_val bigint(20) default NULL,
  tuned tinyint(4) NOT NULL default '0',
  test_type tinyint(4) NOT NULL default '0',
  test_id tinyint(4) NOT NULL default '0',
  test_params varchar(150) NOT NULL default '',
  last_val bigint(20) default NULL,
  delta_val bigint(20) default NULL,
  last_time datetime default NULL,
  delta_time bigint(20) default NULL,
  status smallint(6) NOT NULL default '0',
  PRIMARY KEY  (id),
  UNIQUE KEY id (id),
  KEY id_2 (id,sub_dev_id)
) TYPE=MyISAM;

--
-- Dumping data for table 'monitors'
--


INSERT INTO monitors VALUES (1,1,1,NULL,NULL,1,2,9,'',NULL,NULL,'2003-02-09 19:30:01',60,0);
INSERT INTO monitors VALUES (2,1,1,NULL,NULL,1,2,10,'',NULL,NULL,'2003-02-09 19:30:01',60,0);
INSERT INTO monitors VALUES (3,1,1,NULL,NULL,1,2,11,'',NULL,NULL,'2003-02-09 19:30:01',60,0);
INSERT INTO monitors VALUES (4,1,2,NULL,105,1,2,7,'',41420,28,'2003-02-09 19:30:01',60,0);
INSERT INTO monitors VALUES (5,1,2,NULL,105,1,2,5,'',127005,106,'2003-02-09 19:30:01',60,0);
INSERT INTO monitors VALUES (6,1,2,NULL,105,1,2,8,'',21852,0,'2003-02-09 19:30:01',60,0);
INSERT INTO monitors VALUES (17,3,2,NULL,12000000,1,2,39,'',48274513,63920,'2003-02-09 19:30:01',60,0);
INSERT INTO monitors VALUES (7,1,1,NULL,NULL,1,2,2,'',76,0,'2003-02-09 19:30:01',60,2);
INSERT INTO monitors VALUES (8,1,1,NULL,NULL,1,2,3,'',1,0,'2003-02-09 19:30:01',60,1);
INSERT INTO monitors VALUES (9,1,1,NULL,NULL,1,2,18,'',1,0,'2003-02-09 19:30:01',60,0);
INSERT INTO monitors VALUES (20,4,1,NULL,NULL,1,2,40,'',1,0,'2003-02-09 19:30:01',59,0);
INSERT INTO monitors VALUES (10,1,2,NULL,1000,1,3,1,'',418998,255,'2003-02-09 19:30:01',60,0);
INSERT INTO monitors VALUES (11,2,2,NULL,105,1,2,7,'',69446,48,'2003-02-09 19:30:01',60,0);
INSERT INTO monitors VALUES (12,2,2,NULL,105,1,2,5,'',194087,214,'2003-02-09 19:30:01',60,0);
INSERT INTO monitors VALUES (13,2,2,NULL,105,1,2,8,'',126637,0,'2003-02-09 19:30:01',60,0);
INSERT INTO monitors VALUES (14,2,1,NULL,NULL,1,2,2,'',95,0,'2003-02-09 19:30:01',60,2);
INSERT INTO monitors VALUES (15,2,1,NULL,NULL,1,2,18,'',3,0,'2003-02-09 19:30:01',60,0);
INSERT INTO monitors VALUES (16,2,1,NULL,NULL,1,2,3,'',4,0,'2003-02-09 19:30:01',60,0);
INSERT INTO monitors VALUES (18,3,2,NULL,12000000,1,2,38,'',225815272,555653,'2003-02-09 19:30:01',60,0);
INSERT INTO monitors VALUES (40,6,1,NULL,NULL,1,3,6,'',1,0,'2003-02-09 19:30:01',60,0);
INSERT INTO monitors VALUES (21,5,2,NULL,12000000,1,2,39,'',222688850,555194,'2003-02-09 19:30:01',60,0);
INSERT INTO monitors VALUES (19,3,2,NULL,1000,1,2,40,'',0,0,'2003-02-09 19:30:01',60,0);
INSERT INTO monitors VALUES (25,6,1,NULL,NULL,1,3,3,'',0,0,'2003-02-09 19:30:01',60,0);
INSERT INTO monitors VALUES (29,7,1,NULL,NULL,1,2,44,'',13218848,4,'2003-02-09 19:30:01',59,0);
INSERT INTO monitors VALUES (22,5,2,NULL,12000000,1,2,38,'',47348416,63385,'2003-02-09 19:30:01',60,0);
INSERT INTO monitors VALUES (30,8,1,NULL,NULL,1,2,43,'',16532148,0,'2003-02-09 19:30:01',59,0);
INSERT INTO monitors VALUES (23,4,2,NULL,10000,1,2,39,'',198337,4754,'2003-02-09 19:30:01',59,0);
INSERT INTO monitors VALUES (24,4,2,NULL,10000,1,2,38,'',31094,4225,'2003-02-09 19:30:01',59,0);
INSERT INTO monitors VALUES (26,6,1,NULL,NULL,1,3,4,'',27,0,'2003-02-09 19:30:01',60,0);
INSERT INTO monitors VALUES (28,7,1,NULL,NULL,1,2,43,'',1955756,0,'2003-02-09 19:30:01',59,0);
INSERT INTO monitors VALUES (27,6,1,NULL,NULL,1,3,5,'',5,0,'2003-02-09 19:30:01',60,0);
INSERT INTO monitors VALUES (34,1,1,NULL,NULL,1,4,1,'/proc/net/ip_conntrack',42,7,'2003-02-09 19:30:01',60,0);
INSERT INTO monitors VALUES (31,8,1,NULL,NULL,1,2,44,'',81950696,0,'2003-02-09 19:30:02',60,0);

--
-- Table structure for table 'snmp_disk_cache'
--

CREATE TABLE snmp_disk_cache (
  dev_id int(11) NOT NULL default '0',
  disk_index int(11) NOT NULL default '0',
  disk_path varchar(255) default NULL,
  disk_device varchar(255) default NULL,
  KEY dev_id (dev_id)
) TYPE=MyISAM;

--
-- Dumping data for table 'snmp_disk_cache'
--


INSERT INTO snmp_disk_cache VALUES (1,2,'/storage','/dev/hdc1');
INSERT INTO snmp_disk_cache VALUES (1,1,'/','/dev/hda1');

--
-- Table structure for table 'snmp_interface_cache'
--

CREATE TABLE snmp_interface_cache (
  dev_id int(11) NOT NULL default '0',
  ifIndex int(11) NOT NULL default '0',
  ifName varchar(255) default NULL,
  ifDescr varchar(255) default NULL,
  ifAlias varchar(255) default NULL,
  ifIP varchar(15) default NULL,
  ifMAC varchar(30) default NULL,
  ifType smallint(6) NOT NULL default '0',
  ifAdminStatus smallint(6) NOT NULL default '0',
  ifOperStatus smallint(6) NOT NULL default '0',
  KEY ifIndex (dev_id,ifIndex),
  KEY ifName (dev_id,ifName),
  KEY ifDescr (dev_id,ifDescr),
  KEY ifAlias (dev_id,ifAlias),
  KEY ifIP (dev_id,ifIP),
  KEY ifMAC (dev_id,ifMAC),
  KEY dev_id (dev_id)
) TYPE=MyISAM;

--
-- Dumping data for table 'snmp_interface_cache'
--


INSERT INTO snmp_interface_cache VALUES (1000,2,NULL,'eth0',NULL,'192.168.1.11','0:40:33:e3:33:9d',6,1,1);
INSERT INTO snmp_interface_cache VALUES (2,2,NULL,'eth0',NULL,'192.168.1.11','0:40:33:e3:33:9d',6,1,1);
INSERT INTO snmp_interface_cache VALUES (2,1,NULL,'lo',NULL,'127.0.0.1',NULL,24,1,1);
INSERT INTO snmp_interface_cache VALUES (5000,2,NULL,'eth0',NULL,'192.168.1.11','0:40:33:e3:33:9d',6,1,1);
INSERT INTO snmp_interface_cache VALUES (1,1,NULL,'lo',NULL,'127.0.0.1',NULL,24,1,1);
INSERT INTO snmp_interface_cache VALUES (1,2,NULL,'eth0',NULL,'192.168.1.1','0:0:21:fd:fa:13',6,1,1);
INSERT INTO snmp_interface_cache VALUES (1000,1,NULL,'lo',NULL,'127.0.0.1',NULL,24,1,1);
INSERT INTO snmp_interface_cache VALUES (2000,2,NULL,'eth0',NULL,'192.168.1.11','0:40:33:e3:33:9d',6,1,1);
INSERT INTO snmp_interface_cache VALUES (2001,2,NULL,'eth0',NULL,'192.168.1.11','0:40:33:e3:33:9d',6,1,1);
INSERT INTO snmp_interface_cache VALUES (2002,2,NULL,'eth0',NULL,'192.168.1.11','0:40:33:e3:33:9d',6,1,1);
INSERT INTO snmp_interface_cache VALUES (2003,2,NULL,'eth0',NULL,'192.168.1.11','0:40:33:e3:33:9d',6,1,1);
INSERT INTO snmp_interface_cache VALUES (2004,2,NULL,'eth0',NULL,'192.168.1.11','0:40:33:e3:33:9d',6,1,1);
INSERT INTO snmp_interface_cache VALUES (2005,2,NULL,'eth0',NULL,'192.168.1.11','0:40:33:e3:33:9d',6,1,1);
INSERT INTO snmp_interface_cache VALUES (2006,2,NULL,'eth0',NULL,'192.168.1.11','0:40:33:e3:33:9d',6,1,1);
INSERT INTO snmp_interface_cache VALUES (2007,2,NULL,'eth0',NULL,'192.168.1.11','0:40:33:e3:33:9d',6,1,1);
INSERT INTO snmp_interface_cache VALUES (2008,2,NULL,'eth0',NULL,'192.168.1.11','0:40:33:e3:33:9d',6,1,1);
INSERT INTO snmp_interface_cache VALUES (2000,1,NULL,'lo',NULL,'127.0.0.1',NULL,24,1,1);
INSERT INTO snmp_interface_cache VALUES (2001,1,NULL,'lo',NULL,'127.0.0.1',NULL,24,1,1);
INSERT INTO snmp_interface_cache VALUES (2002,1,NULL,'lo',NULL,'127.0.0.1',NULL,24,1,1);
INSERT INTO snmp_interface_cache VALUES (2003,1,NULL,'lo',NULL,'127.0.0.1',NULL,24,1,1);
INSERT INTO snmp_interface_cache VALUES (2004,1,NULL,'lo',NULL,'127.0.0.1',NULL,24,1,1);
INSERT INTO snmp_interface_cache VALUES (2005,1,NULL,'lo',NULL,'127.0.0.1',NULL,24,1,1);
INSERT INTO snmp_interface_cache VALUES (2006,1,NULL,'lo',NULL,'127.0.0.1',NULL,24,1,1);
INSERT INTO snmp_interface_cache VALUES (2007,1,NULL,'lo',NULL,'127.0.0.1',NULL,24,1,1);
INSERT INTO snmp_interface_cache VALUES (2008,1,NULL,'lo',NULL,'127.0.0.1',NULL,24,1,1);
INSERT INTO snmp_interface_cache VALUES (2009,2,NULL,'eth0',NULL,'192.168.1.11','0:40:33:e3:33:9d',6,1,1);
INSERT INTO snmp_interface_cache VALUES (2009,1,NULL,'lo',NULL,'127.0.0.1',NULL,24,1,1);
INSERT INTO snmp_interface_cache VALUES (2011,2,NULL,'eth0',NULL,'192.168.1.11','0:40:33:e3:33:9d',6,1,1);
INSERT INTO snmp_interface_cache VALUES (2010,2,NULL,'eth0',NULL,'192.168.1.11','0:40:33:e3:33:9d',6,1,1);
INSERT INTO snmp_interface_cache VALUES (2011,1,NULL,'lo',NULL,'127.0.0.1',NULL,24,1,1);
INSERT INTO snmp_interface_cache VALUES (2010,1,NULL,'lo',NULL,'127.0.0.1',NULL,24,1,1);
INSERT INTO snmp_interface_cache VALUES (2012,2,NULL,'eth0',NULL,'192.168.1.11','0:40:33:e3:33:9d',6,1,1);
INSERT INTO snmp_interface_cache VALUES (2013,2,NULL,'eth0',NULL,'192.168.1.11','0:40:33:e3:33:9d',6,1,1);
INSERT INTO snmp_interface_cache VALUES (2014,2,NULL,'eth0',NULL,'192.168.1.11','0:40:33:e3:33:9d',6,1,1);
INSERT INTO snmp_interface_cache VALUES (2015,2,NULL,'eth0',NULL,'192.168.1.11','0:40:33:e3:33:9d',6,1,1);
INSERT INTO snmp_interface_cache VALUES (2016,2,NULL,'eth0',NULL,'192.168.1.11','0:40:33:e3:33:9d',6,1,1);
INSERT INTO snmp_interface_cache VALUES (2012,1,NULL,'lo',NULL,'127.0.0.1',NULL,24,1,1);
INSERT INTO snmp_interface_cache VALUES (2013,1,NULL,'lo',NULL,'127.0.0.1',NULL,24,1,1);
INSERT INTO snmp_interface_cache VALUES (2014,1,NULL,'lo',NULL,'127.0.0.1',NULL,24,1,1);
INSERT INTO snmp_interface_cache VALUES (2017,2,NULL,'eth0',NULL,'192.168.1.11','0:40:33:e3:33:9d',6,1,1);
INSERT INTO snmp_interface_cache VALUES (2018,2,NULL,'eth0',NULL,'192.168.1.11','0:40:33:e3:33:9d',6,1,1);
INSERT INTO snmp_interface_cache VALUES (2019,2,NULL,'eth0',NULL,'192.168.1.11','0:40:33:e3:33:9d',6,1,1);
INSERT INTO snmp_interface_cache VALUES (2020,2,NULL,'eth0',NULL,'192.168.1.11','0:40:33:e3:33:9d',6,1,1);
INSERT INTO snmp_interface_cache VALUES (2021,2,NULL,'eth0',NULL,'192.168.1.11','0:40:33:e3:33:9d',6,1,1);
INSERT INTO snmp_interface_cache VALUES (2016,1,NULL,'lo',NULL,'127.0.0.1',NULL,24,1,1);
INSERT INTO snmp_interface_cache VALUES (2015,1,NULL,'lo',NULL,'127.0.0.1',NULL,24,1,1);
INSERT INTO snmp_interface_cache VALUES (2017,1,NULL,'lo',NULL,'127.0.0.1',NULL,24,1,1);
INSERT INTO snmp_interface_cache VALUES (2018,1,NULL,'lo',NULL,'127.0.0.1',NULL,24,1,1);
INSERT INTO snmp_interface_cache VALUES (2019,1,NULL,'lo',NULL,'127.0.0.1',NULL,24,1,1);
INSERT INTO snmp_interface_cache VALUES (2020,1,NULL,'lo',NULL,'127.0.0.1',NULL,24,1,1);
INSERT INTO snmp_interface_cache VALUES (2021,1,NULL,'lo',NULL,'127.0.0.1',NULL,24,1,1);
INSERT INTO snmp_interface_cache VALUES (2022,2,NULL,'eth0',NULL,'192.168.1.11','0:40:33:e3:33:9d',6,1,1);
INSERT INTO snmp_interface_cache VALUES (2023,2,NULL,'eth0',NULL,'192.168.1.11','0:40:33:e3:33:9d',6,1,1);
INSERT INTO snmp_interface_cache VALUES (2024,2,NULL,'eth0',NULL,'192.168.1.11','0:40:33:e3:33:9d',6,1,1);
INSERT INTO snmp_interface_cache VALUES (2022,1,NULL,'lo',NULL,'127.0.0.1',NULL,24,1,1);
INSERT INTO snmp_interface_cache VALUES (2025,2,NULL,'eth0',NULL,'192.168.1.11','0:40:33:e3:33:9d',6,1,1);
INSERT INTO snmp_interface_cache VALUES (2026,2,NULL,'eth0',NULL,'192.168.1.11','0:40:33:e3:33:9d',6,1,1);
INSERT INTO snmp_interface_cache VALUES (2023,1,NULL,'lo',NULL,'127.0.0.1',NULL,24,1,1);
INSERT INTO snmp_interface_cache VALUES (2024,1,NULL,'lo',NULL,'127.0.0.1',NULL,24,1,1);
INSERT INTO snmp_interface_cache VALUES (2026,1,NULL,'lo',NULL,'127.0.0.1',NULL,24,1,1);
INSERT INTO snmp_interface_cache VALUES (2025,1,NULL,'lo',NULL,'127.0.0.1',NULL,24,1,1);
INSERT INTO snmp_interface_cache VALUES (2027,2,NULL,'eth0',NULL,'192.168.1.11','0:40:33:e3:33:9d',6,1,1);
INSERT INTO snmp_interface_cache VALUES (2028,2,NULL,'eth0',NULL,'192.168.1.11','0:40:33:e3:33:9d',6,1,1);
INSERT INTO snmp_interface_cache VALUES (2029,2,NULL,'eth0',NULL,'192.168.1.11','0:40:33:e3:33:9d',6,1,1);
INSERT INTO snmp_interface_cache VALUES (2030,2,NULL,'eth0',NULL,'192.168.1.11','0:40:33:e3:33:9d',6,1,1);
INSERT INTO snmp_interface_cache VALUES (2031,2,NULL,'eth0',NULL,'192.168.1.11','0:40:33:e3:33:9d',6,1,1);
INSERT INTO snmp_interface_cache VALUES (2027,1,NULL,'lo',NULL,'127.0.0.1',NULL,24,1,1);
INSERT INTO snmp_interface_cache VALUES (2028,1,NULL,'lo',NULL,'127.0.0.1',NULL,24,1,1);
INSERT INTO snmp_interface_cache VALUES (2029,1,NULL,'lo',NULL,'127.0.0.1',NULL,24,1,1);
INSERT INTO snmp_interface_cache VALUES (2030,1,NULL,'lo',NULL,'127.0.0.1',NULL,24,1,1);
INSERT INTO snmp_interface_cache VALUES (2031,1,NULL,'lo',NULL,'127.0.0.1',NULL,24,1,1);
INSERT INTO snmp_interface_cache VALUES (2032,2,NULL,'eth0',NULL,'192.168.1.11','0:40:33:e3:33:9d',6,1,1);
INSERT INTO snmp_interface_cache VALUES (2033,2,NULL,'eth0',NULL,'192.168.1.11','0:40:33:e3:33:9d',6,1,1);
INSERT INTO snmp_interface_cache VALUES (2034,2,NULL,'eth0',NULL,'192.168.1.11','0:40:33:e3:33:9d',6,1,1);
INSERT INTO snmp_interface_cache VALUES (2035,2,NULL,'eth0',NULL,'192.168.1.11','0:40:33:e3:33:9d',6,1,1);
INSERT INTO snmp_interface_cache VALUES (2032,1,NULL,'lo',NULL,'127.0.0.1',NULL,24,1,1);
INSERT INTO snmp_interface_cache VALUES (2036,2,NULL,'eth0',NULL,'192.168.1.11','0:40:33:e3:33:9d',6,1,1);
INSERT INTO snmp_interface_cache VALUES (2033,1,NULL,'lo',NULL,'127.0.0.1',NULL,24,1,1);
INSERT INTO snmp_interface_cache VALUES (2034,1,NULL,'lo',NULL,'127.0.0.1',NULL,24,1,1);
INSERT INTO snmp_interface_cache VALUES (2035,1,NULL,'lo',NULL,'127.0.0.1',NULL,24,1,1);
INSERT INTO snmp_interface_cache VALUES (2036,1,NULL,'lo',NULL,'127.0.0.1',NULL,24,1,1);
INSERT INTO snmp_interface_cache VALUES (2037,2,NULL,'eth0',NULL,'192.168.1.11','0:40:33:e3:33:9d',6,1,1);
INSERT INTO snmp_interface_cache VALUES (2038,2,NULL,'eth0',NULL,'192.168.1.11','0:40:33:e3:33:9d',6,1,1);
INSERT INTO snmp_interface_cache VALUES (2039,2,NULL,'eth0',NULL,'192.168.1.11','0:40:33:e3:33:9d',6,1,1);
INSERT INTO snmp_interface_cache VALUES (2041,2,NULL,'eth0',NULL,'192.168.1.11','0:40:33:e3:33:9d',6,1,1);
INSERT INTO snmp_interface_cache VALUES (2040,2,NULL,'eth0',NULL,'192.168.1.11','0:40:33:e3:33:9d',6,1,1);
INSERT INTO snmp_interface_cache VALUES (2037,1,NULL,'lo',NULL,'127.0.0.1',NULL,24,1,1);
INSERT INTO snmp_interface_cache VALUES (2038,1,NULL,'lo',NULL,'127.0.0.1',NULL,24,1,1);
INSERT INTO snmp_interface_cache VALUES (2039,1,NULL,'lo',NULL,'127.0.0.1',NULL,24,1,1);
INSERT INTO snmp_interface_cache VALUES (2041,1,NULL,'lo',NULL,'127.0.0.1',NULL,24,1,1);
INSERT INTO snmp_interface_cache VALUES (2040,1,NULL,'lo',NULL,'127.0.0.1',NULL,24,1,1);
INSERT INTO snmp_interface_cache VALUES (2042,2,NULL,'eth0',NULL,'192.168.1.11','0:40:33:e3:33:9d',6,1,1);
INSERT INTO snmp_interface_cache VALUES (2043,2,NULL,'eth0',NULL,'192.168.1.11','0:40:33:e3:33:9d',6,1,1);
INSERT INTO snmp_interface_cache VALUES (2044,2,NULL,'eth0',NULL,'192.168.1.11','0:40:33:e3:33:9d',6,1,1);
INSERT INTO snmp_interface_cache VALUES (2042,1,NULL,'lo',NULL,'127.0.0.1',NULL,24,1,1);
INSERT INTO snmp_interface_cache VALUES (2045,2,NULL,'eth0',NULL,'192.168.1.11','0:40:33:e3:33:9d',6,1,1);
INSERT INTO snmp_interface_cache VALUES (2046,2,NULL,'eth0',NULL,'192.168.1.11','0:40:33:e3:33:9d',6,1,1);
INSERT INTO snmp_interface_cache VALUES (2044,1,NULL,'lo',NULL,'127.0.0.1',NULL,24,1,1);
INSERT INTO snmp_interface_cache VALUES (2045,1,NULL,'lo',NULL,'127.0.0.1',NULL,24,1,1);
INSERT INTO snmp_interface_cache VALUES (2043,1,NULL,'lo',NULL,'127.0.0.1',NULL,24,1,1);
INSERT INTO snmp_interface_cache VALUES (2046,1,NULL,'lo',NULL,'127.0.0.1',NULL,24,1,1);
INSERT INTO snmp_interface_cache VALUES (2047,2,NULL,'eth0',NULL,'192.168.1.11','0:40:33:e3:33:9d',6,1,1);
INSERT INTO snmp_interface_cache VALUES (2048,2,NULL,'eth0',NULL,'192.168.1.11','0:40:33:e3:33:9d',6,1,1);
INSERT INTO snmp_interface_cache VALUES (2049,2,NULL,'eth0',NULL,'192.168.1.11','0:40:33:e3:33:9d',6,1,1);
INSERT INTO snmp_interface_cache VALUES (2047,1,NULL,'lo',NULL,'127.0.0.1',NULL,24,1,1);
INSERT INTO snmp_interface_cache VALUES (2048,1,NULL,'lo',NULL,'127.0.0.1',NULL,24,1,1);
INSERT INTO snmp_interface_cache VALUES (2049,1,NULL,'lo',NULL,'127.0.0.1',NULL,24,1,1);
INSERT INTO snmp_interface_cache VALUES (4000,2,NULL,'eth0',NULL,'192.168.1.11','0:40:33:e3:33:9d',6,1,1);
INSERT INTO snmp_interface_cache VALUES (4001,2,NULL,'eth0',NULL,'192.168.1.11','0:40:33:e3:33:9d',6,1,1);
INSERT INTO snmp_interface_cache VALUES (4002,2,NULL,'eth0',NULL,'192.168.1.11','0:40:33:e3:33:9d',6,1,1);
INSERT INTO snmp_interface_cache VALUES (4003,2,NULL,'eth0',NULL,'192.168.1.11','0:40:33:e3:33:9d',6,1,1);
INSERT INTO snmp_interface_cache VALUES (4004,2,NULL,'eth0',NULL,'192.168.1.11','0:40:33:e3:33:9d',6,1,1);
INSERT INTO snmp_interface_cache VALUES (4005,2,NULL,'eth0',NULL,'192.168.1.11','0:40:33:e3:33:9d',6,1,1);
INSERT INTO snmp_interface_cache VALUES (4006,2,NULL,'eth0',NULL,'192.168.1.11','0:40:33:e3:33:9d',6,1,1);
INSERT INTO snmp_interface_cache VALUES (4007,2,NULL,'eth0',NULL,'192.168.1.11','0:40:33:e3:33:9d',6,1,1);
INSERT INTO snmp_interface_cache VALUES (4008,2,NULL,'eth0',NULL,'192.168.1.11','0:40:33:e3:33:9d',6,1,1);
INSERT INTO snmp_interface_cache VALUES (4000,1,NULL,'lo',NULL,'127.0.0.1',NULL,24,1,1);
INSERT INTO snmp_interface_cache VALUES (4009,2,NULL,'eth0',NULL,'192.168.1.11','0:40:33:e3:33:9d',6,1,1);
INSERT INTO snmp_interface_cache VALUES (4001,1,NULL,'lo',NULL,'127.0.0.1',NULL,24,1,1);
INSERT INTO snmp_interface_cache VALUES (4002,1,NULL,'lo',NULL,'127.0.0.1',NULL,24,1,1);
INSERT INTO snmp_interface_cache VALUES (4003,1,NULL,'lo',NULL,'127.0.0.1',NULL,24,1,1);
INSERT INTO snmp_interface_cache VALUES (4004,1,NULL,'lo',NULL,'127.0.0.1',NULL,24,1,1);
INSERT INTO snmp_interface_cache VALUES (4005,1,NULL,'lo',NULL,'127.0.0.1',NULL,24,1,1);
INSERT INTO snmp_interface_cache VALUES (4006,1,NULL,'lo',NULL,'127.0.0.1',NULL,24,1,1);
INSERT INTO snmp_interface_cache VALUES (4007,1,NULL,'lo',NULL,'127.0.0.1',NULL,24,1,1);
INSERT INTO snmp_interface_cache VALUES (4008,1,NULL,'lo',NULL,'127.0.0.1',NULL,24,1,1);
INSERT INTO snmp_interface_cache VALUES (4009,1,NULL,'lo',NULL,'127.0.0.1',NULL,24,1,1);
INSERT INTO snmp_interface_cache VALUES (4010,2,NULL,'eth0',NULL,'192.168.1.11','0:40:33:e3:33:9d',6,1,1);
INSERT INTO snmp_interface_cache VALUES (4011,2,NULL,'eth0',NULL,'192.168.1.11','0:40:33:e3:33:9d',6,1,1);
INSERT INTO snmp_interface_cache VALUES (4012,2,NULL,'eth0',NULL,'192.168.1.11','0:40:33:e3:33:9d',6,1,1);
INSERT INTO snmp_interface_cache VALUES (4013,2,NULL,'eth0',NULL,'192.168.1.11','0:40:33:e3:33:9d',6,1,1);
INSERT INTO snmp_interface_cache VALUES (4014,2,NULL,'eth0',NULL,'192.168.1.11','0:40:33:e3:33:9d',6,1,1);
INSERT INTO snmp_interface_cache VALUES (4015,2,NULL,'eth0',NULL,'192.168.1.11','0:40:33:e3:33:9d',6,1,1);
INSERT INTO snmp_interface_cache VALUES (4016,2,NULL,'eth0',NULL,'192.168.1.11','0:40:33:e3:33:9d',6,1,1);
INSERT INTO snmp_interface_cache VALUES (4017,2,NULL,'eth0',NULL,'192.168.1.11','0:40:33:e3:33:9d',6,1,1);
INSERT INTO snmp_interface_cache VALUES (4018,2,NULL,'eth0',NULL,'192.168.1.11','0:40:33:e3:33:9d',6,1,1);
INSERT INTO snmp_interface_cache VALUES (4019,2,NULL,'eth0',NULL,'192.168.1.11','0:40:33:e3:33:9d',6,1,1);
INSERT INTO snmp_interface_cache VALUES (4010,1,NULL,'lo',NULL,'127.0.0.1',NULL,24,1,1);
INSERT INTO snmp_interface_cache VALUES (4011,1,NULL,'lo',NULL,'127.0.0.1',NULL,24,1,1);
INSERT INTO snmp_interface_cache VALUES (4012,1,NULL,'lo',NULL,'127.0.0.1',NULL,24,1,1);
INSERT INTO snmp_interface_cache VALUES (4013,1,NULL,'lo',NULL,'127.0.0.1',NULL,24,1,1);
INSERT INTO snmp_interface_cache VALUES (4014,1,NULL,'lo',NULL,'127.0.0.1',NULL,24,1,1);
INSERT INTO snmp_interface_cache VALUES (4015,1,NULL,'lo',NULL,'127.0.0.1',NULL,24,1,1);
INSERT INTO snmp_interface_cache VALUES (4017,1,NULL,'lo',NULL,'127.0.0.1',NULL,24,1,1);
INSERT INTO snmp_interface_cache VALUES (4016,1,NULL,'lo',NULL,'127.0.0.1',NULL,24,1,1);
INSERT INTO snmp_interface_cache VALUES (4018,1,NULL,'lo',NULL,'127.0.0.1',NULL,24,1,1);
INSERT INTO snmp_interface_cache VALUES (4019,1,NULL,'lo',NULL,'127.0.0.1',NULL,24,1,1);
INSERT INTO snmp_interface_cache VALUES (4020,2,NULL,'eth0',NULL,'192.168.1.11','0:40:33:e3:33:9d',6,1,1);
INSERT INTO snmp_interface_cache VALUES (4021,2,NULL,'eth0',NULL,'192.168.1.11','0:40:33:e3:33:9d',6,1,1);
INSERT INTO snmp_interface_cache VALUES (4022,2,NULL,'eth0',NULL,'192.168.1.11','0:40:33:e3:33:9d',6,1,1);
INSERT INTO snmp_interface_cache VALUES (4023,2,NULL,'eth0',NULL,'192.168.1.11','0:40:33:e3:33:9d',6,1,1);
INSERT INTO snmp_interface_cache VALUES (4024,2,NULL,'eth0',NULL,'192.168.1.11','0:40:33:e3:33:9d',6,1,1);
INSERT INTO snmp_interface_cache VALUES (4025,2,NULL,'eth0',NULL,'192.168.1.11','0:40:33:e3:33:9d',6,1,1);
INSERT INTO snmp_interface_cache VALUES (4026,2,NULL,'eth0',NULL,'192.168.1.11','0:40:33:e3:33:9d',6,1,1);
INSERT INTO snmp_interface_cache VALUES (4027,2,NULL,'eth0',NULL,'192.168.1.11','0:40:33:e3:33:9d',6,1,1);
INSERT INTO snmp_interface_cache VALUES (4028,2,NULL,'eth0',NULL,'192.168.1.11','0:40:33:e3:33:9d',6,1,1);
INSERT INTO snmp_interface_cache VALUES (4020,1,NULL,'lo',NULL,'127.0.0.1',NULL,24,1,1);
INSERT INTO snmp_interface_cache VALUES (4021,1,NULL,'lo',NULL,'127.0.0.1',NULL,24,1,1);
INSERT INTO snmp_interface_cache VALUES (4022,1,NULL,'lo',NULL,'127.0.0.1',NULL,24,1,1);
INSERT INTO snmp_interface_cache VALUES (4023,1,NULL,'lo',NULL,'127.0.0.1',NULL,24,1,1);
INSERT INTO snmp_interface_cache VALUES (4029,2,NULL,'eth0',NULL,'192.168.1.11','0:40:33:e3:33:9d',6,1,1);
INSERT INTO snmp_interface_cache VALUES (4024,1,NULL,'lo',NULL,'127.0.0.1',NULL,24,1,1);
INSERT INTO snmp_interface_cache VALUES (4025,1,NULL,'lo',NULL,'127.0.0.1',NULL,24,1,1);
INSERT INTO snmp_interface_cache VALUES (4026,1,NULL,'lo',NULL,'127.0.0.1',NULL,24,1,1);
INSERT INTO snmp_interface_cache VALUES (4027,1,NULL,'lo',NULL,'127.0.0.1',NULL,24,1,1);
INSERT INTO snmp_interface_cache VALUES (4029,1,NULL,'lo',NULL,'127.0.0.1',NULL,24,1,1);
INSERT INTO snmp_interface_cache VALUES (4028,1,NULL,'lo',NULL,'127.0.0.1',NULL,24,1,1);
INSERT INTO snmp_interface_cache VALUES (4030,2,NULL,'eth0',NULL,'192.168.1.11','0:40:33:e3:33:9d',6,1,1);
INSERT INTO snmp_interface_cache VALUES (4031,2,NULL,'eth0',NULL,'192.168.1.11','0:40:33:e3:33:9d',6,1,1);
INSERT INTO snmp_interface_cache VALUES (4032,2,NULL,'eth0',NULL,'192.168.1.11','0:40:33:e3:33:9d',6,1,1);
INSERT INTO snmp_interface_cache VALUES (4033,2,NULL,'eth0',NULL,'192.168.1.11','0:40:33:e3:33:9d',6,1,1);
INSERT INTO snmp_interface_cache VALUES (4034,2,NULL,'eth0',NULL,'192.168.1.11','0:40:33:e3:33:9d',6,1,1);
INSERT INTO snmp_interface_cache VALUES (4035,2,NULL,'eth0',NULL,'192.168.1.11','0:40:33:e3:33:9d',6,1,1);
INSERT INTO snmp_interface_cache VALUES (4036,2,NULL,'eth0',NULL,'192.168.1.11','0:40:33:e3:33:9d',6,1,1);
INSERT INTO snmp_interface_cache VALUES (4037,2,NULL,'eth0',NULL,'192.168.1.11','0:40:33:e3:33:9d',6,1,1);
INSERT INTO snmp_interface_cache VALUES (4038,2,NULL,'eth0',NULL,'192.168.1.11','0:40:33:e3:33:9d',6,1,1);
INSERT INTO snmp_interface_cache VALUES (4039,2,NULL,'eth0',NULL,'192.168.1.11','0:40:33:e3:33:9d',6,1,1);
INSERT INTO snmp_interface_cache VALUES (4030,1,NULL,'lo',NULL,'127.0.0.1',NULL,24,1,1);
INSERT INTO snmp_interface_cache VALUES (4031,1,NULL,'lo',NULL,'127.0.0.1',NULL,24,1,1);
INSERT INTO snmp_interface_cache VALUES (4032,1,NULL,'lo',NULL,'127.0.0.1',NULL,24,1,1);
INSERT INTO snmp_interface_cache VALUES (4033,1,NULL,'lo',NULL,'127.0.0.1',NULL,24,1,1);
INSERT INTO snmp_interface_cache VALUES (4034,1,NULL,'lo',NULL,'127.0.0.1',NULL,24,1,1);
INSERT INTO snmp_interface_cache VALUES (4035,1,NULL,'lo',NULL,'127.0.0.1',NULL,24,1,1);
INSERT INTO snmp_interface_cache VALUES (4036,1,NULL,'lo',NULL,'127.0.0.1',NULL,24,1,1);
INSERT INTO snmp_interface_cache VALUES (4037,1,NULL,'lo',NULL,'127.0.0.1',NULL,24,1,1);
INSERT INTO snmp_interface_cache VALUES (4038,1,NULL,'lo',NULL,'127.0.0.1',NULL,24,1,1);
INSERT INTO snmp_interface_cache VALUES (4039,1,NULL,'lo',NULL,'127.0.0.1',NULL,24,1,1);
INSERT INTO snmp_interface_cache VALUES (4040,2,NULL,'eth0',NULL,'192.168.1.11','0:40:33:e3:33:9d',6,1,1);
INSERT INTO snmp_interface_cache VALUES (4040,1,NULL,'lo',NULL,'127.0.0.1',NULL,24,1,1);
INSERT INTO snmp_interface_cache VALUES (4041,2,NULL,'eth0',NULL,'192.168.1.11','0:40:33:e3:33:9d',6,1,1);
INSERT INTO snmp_interface_cache VALUES (4041,1,NULL,'lo',NULL,'127.0.0.1',NULL,24,1,1);
INSERT INTO snmp_interface_cache VALUES (4042,2,NULL,'eth0',NULL,'192.168.1.11','0:40:33:e3:33:9d',6,1,1);
INSERT INTO snmp_interface_cache VALUES (4043,2,NULL,'eth0',NULL,'192.168.1.11','0:40:33:e3:33:9d',6,1,1);
INSERT INTO snmp_interface_cache VALUES (4044,2,NULL,'eth0',NULL,'192.168.1.11','0:40:33:e3:33:9d',6,1,1);
INSERT INTO snmp_interface_cache VALUES (4045,2,NULL,'eth0',NULL,'192.168.1.11','0:40:33:e3:33:9d',6,1,1);
INSERT INTO snmp_interface_cache VALUES (4046,2,NULL,'eth0',NULL,'192.168.1.11','0:40:33:e3:33:9d',6,1,1);
INSERT INTO snmp_interface_cache VALUES (4048,2,NULL,'eth0',NULL,'192.168.1.11','0:40:33:e3:33:9d',6,1,1);
INSERT INTO snmp_interface_cache VALUES (4047,2,NULL,'eth0',NULL,'192.168.1.11','0:40:33:e3:33:9d',6,1,1);
INSERT INTO snmp_interface_cache VALUES (4050,2,NULL,'eth0',NULL,'192.168.1.11','0:40:33:e3:33:9d',6,1,1);
INSERT INTO snmp_interface_cache VALUES (4049,2,NULL,'eth0',NULL,'192.168.1.11','0:40:33:e3:33:9d',6,1,1);
INSERT INTO snmp_interface_cache VALUES (4042,1,NULL,'lo',NULL,'127.0.0.1',NULL,24,1,1);
INSERT INTO snmp_interface_cache VALUES (4043,1,NULL,'lo',NULL,'127.0.0.1',NULL,24,1,1);
INSERT INTO snmp_interface_cache VALUES (4044,1,NULL,'lo',NULL,'127.0.0.1',NULL,24,1,1);
INSERT INTO snmp_interface_cache VALUES (4045,1,NULL,'lo',NULL,'127.0.0.1',NULL,24,1,1);
INSERT INTO snmp_interface_cache VALUES (4046,1,NULL,'lo',NULL,'127.0.0.1',NULL,24,1,1);
INSERT INTO snmp_interface_cache VALUES (4048,1,NULL,'lo',NULL,'127.0.0.1',NULL,24,1,1);
INSERT INTO snmp_interface_cache VALUES (4047,1,NULL,'lo',NULL,'127.0.0.1',NULL,24,1,1);
INSERT INTO snmp_interface_cache VALUES (4050,1,NULL,'lo',NULL,'127.0.0.1',NULL,24,1,1);
INSERT INTO snmp_interface_cache VALUES (4049,1,NULL,'lo',NULL,'127.0.0.1',NULL,24,1,1);
INSERT INTO snmp_interface_cache VALUES (4051,2,NULL,'eth0',NULL,'192.168.1.11','0:40:33:e3:33:9d',6,1,1);
INSERT INTO snmp_interface_cache VALUES (4051,1,NULL,'lo',NULL,'127.0.0.1',NULL,24,1,1);
INSERT INTO snmp_interface_cache VALUES (4052,2,NULL,'eth0',NULL,'192.168.1.11','0:40:33:e3:33:9d',6,1,1);
INSERT INTO snmp_interface_cache VALUES (4053,2,NULL,'eth0',NULL,'192.168.1.11','0:40:33:e3:33:9d',6,1,1);
INSERT INTO snmp_interface_cache VALUES (4054,2,NULL,'eth0',NULL,'192.168.1.11','0:40:33:e3:33:9d',6,1,1);
INSERT INTO snmp_interface_cache VALUES (4055,2,NULL,'eth0',NULL,'192.168.1.11','0:40:33:e3:33:9d',6,1,1);
INSERT INTO snmp_interface_cache VALUES (4056,2,NULL,'eth0',NULL,'192.168.1.11','0:40:33:e3:33:9d',6,1,1);
INSERT INTO snmp_interface_cache VALUES (4057,2,NULL,'eth0',NULL,'192.168.1.11','0:40:33:e3:33:9d',6,1,1);
INSERT INTO snmp_interface_cache VALUES (4058,2,NULL,'eth0',NULL,'192.168.1.11','0:40:33:e3:33:9d',6,1,1);
INSERT INTO snmp_interface_cache VALUES (4059,2,NULL,'eth0',NULL,'192.168.1.11','0:40:33:e3:33:9d',6,1,1);
INSERT INTO snmp_interface_cache VALUES (4060,2,NULL,'eth0',NULL,'192.168.1.11','0:40:33:e3:33:9d',6,1,1);
INSERT INTO snmp_interface_cache VALUES (4052,1,NULL,'lo',NULL,'127.0.0.1',NULL,24,1,1);
INSERT INTO snmp_interface_cache VALUES (4053,1,NULL,'lo',NULL,'127.0.0.1',NULL,24,1,1);
INSERT INTO snmp_interface_cache VALUES (4054,1,NULL,'lo',NULL,'127.0.0.1',NULL,24,1,1);
INSERT INTO snmp_interface_cache VALUES (4055,1,NULL,'lo',NULL,'127.0.0.1',NULL,24,1,1);
INSERT INTO snmp_interface_cache VALUES (4057,1,NULL,'lo',NULL,'127.0.0.1',NULL,24,1,1);
INSERT INTO snmp_interface_cache VALUES (4056,1,NULL,'lo',NULL,'127.0.0.1',NULL,24,1,1);
INSERT INTO snmp_interface_cache VALUES (4058,1,NULL,'lo',NULL,'127.0.0.1',NULL,24,1,1);
INSERT INTO snmp_interface_cache VALUES (4059,1,NULL,'lo',NULL,'127.0.0.1',NULL,24,1,1);
INSERT INTO snmp_interface_cache VALUES (4060,1,NULL,'lo',NULL,'127.0.0.1',NULL,24,1,1);
INSERT INTO snmp_interface_cache VALUES (4061,2,NULL,'eth0',NULL,'192.168.1.11','0:40:33:e3:33:9d',6,1,1);
INSERT INTO snmp_interface_cache VALUES (4062,2,NULL,'eth0',NULL,'192.168.1.11','0:40:33:e3:33:9d',6,1,1);
INSERT INTO snmp_interface_cache VALUES (4063,2,NULL,'eth0',NULL,'192.168.1.11','0:40:33:e3:33:9d',6,1,1);
INSERT INTO snmp_interface_cache VALUES (4064,2,NULL,'eth0',NULL,'192.168.1.11','0:40:33:e3:33:9d',6,1,1);
INSERT INTO snmp_interface_cache VALUES (4065,2,NULL,'eth0',NULL,'192.168.1.11','0:40:33:e3:33:9d',6,1,1);
INSERT INTO snmp_interface_cache VALUES (4061,1,NULL,'lo',NULL,'127.0.0.1',NULL,24,1,1);
INSERT INTO snmp_interface_cache VALUES (4066,2,NULL,'eth0',NULL,'192.168.1.11','0:40:33:e3:33:9d',6,1,1);
INSERT INTO snmp_interface_cache VALUES (4067,2,NULL,'eth0',NULL,'192.168.1.11','0:40:33:e3:33:9d',6,1,1);
INSERT INTO snmp_interface_cache VALUES (4068,2,NULL,'eth0',NULL,'192.168.1.11','0:40:33:e3:33:9d',6,1,1);
INSERT INTO snmp_interface_cache VALUES (4062,1,NULL,'lo',NULL,'127.0.0.1',NULL,24,1,1);
INSERT INTO snmp_interface_cache VALUES (4063,1,NULL,'lo',NULL,'127.0.0.1',NULL,24,1,1);
INSERT INTO snmp_interface_cache VALUES (4069,2,NULL,'eth0',NULL,'192.168.1.11','0:40:33:e3:33:9d',6,1,1);
INSERT INTO snmp_interface_cache VALUES (4064,1,NULL,'lo',NULL,'127.0.0.1',NULL,24,1,1);
INSERT INTO snmp_interface_cache VALUES (4065,1,NULL,'lo',NULL,'127.0.0.1',NULL,24,1,1);
INSERT INTO snmp_interface_cache VALUES (4070,2,NULL,'eth0',NULL,'192.168.1.11','0:40:33:e3:33:9d',6,1,1);
INSERT INTO snmp_interface_cache VALUES (4066,1,NULL,'lo',NULL,'127.0.0.1',NULL,24,1,1);
INSERT INTO snmp_interface_cache VALUES (4067,1,NULL,'lo',NULL,'127.0.0.1',NULL,24,1,1);
INSERT INTO snmp_interface_cache VALUES (4068,1,NULL,'lo',NULL,'127.0.0.1',NULL,24,1,1);
INSERT INTO snmp_interface_cache VALUES (4069,1,NULL,'lo',NULL,'127.0.0.1',NULL,24,1,1);
INSERT INTO snmp_interface_cache VALUES (4070,1,NULL,'lo',NULL,'127.0.0.1',NULL,24,1,1);
INSERT INTO snmp_interface_cache VALUES (4071,2,NULL,'eth0',NULL,'192.168.1.11','0:40:33:e3:33:9d',6,1,1);
INSERT INTO snmp_interface_cache VALUES (4072,2,NULL,'eth0',NULL,'192.168.1.11','0:40:33:e3:33:9d',6,1,1);
INSERT INTO snmp_interface_cache VALUES (4073,2,NULL,'eth0',NULL,'192.168.1.11','0:40:33:e3:33:9d',6,1,1);
INSERT INTO snmp_interface_cache VALUES (4075,2,NULL,'eth0',NULL,'192.168.1.11','0:40:33:e3:33:9d',6,1,1);
INSERT INTO snmp_interface_cache VALUES (4074,2,NULL,'eth0',NULL,'192.168.1.11','0:40:33:e3:33:9d',6,1,1);
INSERT INTO snmp_interface_cache VALUES (4071,1,NULL,'lo',NULL,'127.0.0.1',NULL,24,1,1);
INSERT INTO snmp_interface_cache VALUES (4076,2,NULL,'eth0',NULL,'192.168.1.11','0:40:33:e3:33:9d',6,1,1);
INSERT INTO snmp_interface_cache VALUES (4077,2,NULL,'eth0',NULL,'192.168.1.11','0:40:33:e3:33:9d',6,1,1);
INSERT INTO snmp_interface_cache VALUES (4072,1,NULL,'lo',NULL,'127.0.0.1',NULL,24,1,1);
INSERT INTO snmp_interface_cache VALUES (4073,1,NULL,'lo',NULL,'127.0.0.1',NULL,24,1,1);
INSERT INTO snmp_interface_cache VALUES (4078,2,NULL,'eth0',NULL,'192.168.1.11','0:40:33:e3:33:9d',6,1,1);
INSERT INTO snmp_interface_cache VALUES (4079,2,NULL,'eth0',NULL,'192.168.1.11','0:40:33:e3:33:9d',6,1,1);
INSERT INTO snmp_interface_cache VALUES (4080,2,NULL,'eth0',NULL,'192.168.1.11','0:40:33:e3:33:9d',6,1,1);
INSERT INTO snmp_interface_cache VALUES (4075,1,NULL,'lo',NULL,'127.0.0.1',NULL,24,1,1);
INSERT INTO snmp_interface_cache VALUES (4074,1,NULL,'lo',NULL,'127.0.0.1',NULL,24,1,1);
INSERT INTO snmp_interface_cache VALUES (4076,1,NULL,'lo',NULL,'127.0.0.1',NULL,24,1,1);
INSERT INTO snmp_interface_cache VALUES (4077,1,NULL,'lo',NULL,'127.0.0.1',NULL,24,1,1);
INSERT INTO snmp_interface_cache VALUES (4078,1,NULL,'lo',NULL,'127.0.0.1',NULL,24,1,1);
INSERT INTO snmp_interface_cache VALUES (4079,1,NULL,'lo',NULL,'127.0.0.1',NULL,24,1,1);
INSERT INTO snmp_interface_cache VALUES (4080,1,NULL,'lo',NULL,'127.0.0.1',NULL,24,1,1);
INSERT INTO snmp_interface_cache VALUES (4081,2,NULL,'eth0',NULL,'192.168.1.11','0:40:33:e3:33:9d',6,1,1);
INSERT INTO snmp_interface_cache VALUES (4082,2,NULL,'eth0',NULL,'192.168.1.11','0:40:33:e3:33:9d',6,1,1);
INSERT INTO snmp_interface_cache VALUES (4083,2,NULL,'eth0',NULL,'192.168.1.11','0:40:33:e3:33:9d',6,1,1);
INSERT INTO snmp_interface_cache VALUES (4081,1,NULL,'lo',NULL,'127.0.0.1',NULL,24,1,1);
INSERT INTO snmp_interface_cache VALUES (4084,2,NULL,'eth0',NULL,'192.168.1.11','0:40:33:e3:33:9d',6,1,1);
INSERT INTO snmp_interface_cache VALUES (4085,2,NULL,'eth0',NULL,'192.168.1.11','0:40:33:e3:33:9d',6,1,1);
INSERT INTO snmp_interface_cache VALUES (4086,2,NULL,'eth0',NULL,'192.168.1.11','0:40:33:e3:33:9d',6,1,1);
INSERT INTO snmp_interface_cache VALUES (4082,1,NULL,'lo',NULL,'127.0.0.1',NULL,24,1,1);
INSERT INTO snmp_interface_cache VALUES (4083,1,NULL,'lo',NULL,'127.0.0.1',NULL,24,1,1);
INSERT INTO snmp_interface_cache VALUES (4087,2,NULL,'eth0',NULL,'192.168.1.11','0:40:33:e3:33:9d',6,1,1);
INSERT INTO snmp_interface_cache VALUES (4088,2,NULL,'eth0',NULL,'192.168.1.11','0:40:33:e3:33:9d',6,1,1);
INSERT INTO snmp_interface_cache VALUES (4089,2,NULL,'eth0',NULL,'192.168.1.11','0:40:33:e3:33:9d',6,1,1);
INSERT INTO snmp_interface_cache VALUES (4090,2,NULL,'eth0',NULL,'192.168.1.11','0:40:33:e3:33:9d',6,1,1);
INSERT INTO snmp_interface_cache VALUES (4084,1,NULL,'lo',NULL,'127.0.0.1',NULL,24,1,1);
INSERT INTO snmp_interface_cache VALUES (4085,1,NULL,'lo',NULL,'127.0.0.1',NULL,24,1,1);
INSERT INTO snmp_interface_cache VALUES (4086,1,NULL,'lo',NULL,'127.0.0.1',NULL,24,1,1);
INSERT INTO snmp_interface_cache VALUES (4088,1,NULL,'lo',NULL,'127.0.0.1',NULL,24,1,1);
INSERT INTO snmp_interface_cache VALUES (4087,1,NULL,'lo',NULL,'127.0.0.1',NULL,24,1,1);
INSERT INTO snmp_interface_cache VALUES (4089,1,NULL,'lo',NULL,'127.0.0.1',NULL,24,1,1);
INSERT INTO snmp_interface_cache VALUES (4090,1,NULL,'lo',NULL,'127.0.0.1',NULL,24,1,1);
INSERT INTO snmp_interface_cache VALUES (4091,2,NULL,'eth0',NULL,'192.168.1.11','0:40:33:e3:33:9d',6,1,1);
INSERT INTO snmp_interface_cache VALUES (4092,2,NULL,'eth0',NULL,'192.168.1.11','0:40:33:e3:33:9d',6,1,1);
INSERT INTO snmp_interface_cache VALUES (4093,2,NULL,'eth0',NULL,'192.168.1.11','0:40:33:e3:33:9d',6,1,1);
INSERT INTO snmp_interface_cache VALUES (4091,1,NULL,'lo',NULL,'127.0.0.1',NULL,24,1,1);
INSERT INTO snmp_interface_cache VALUES (4094,2,NULL,'eth0',NULL,'192.168.1.11','0:40:33:e3:33:9d',6,1,1);
INSERT INTO snmp_interface_cache VALUES (4092,1,NULL,'lo',NULL,'127.0.0.1',NULL,24,1,1);
INSERT INTO snmp_interface_cache VALUES (4095,2,NULL,'eth0',NULL,'192.168.1.11','0:40:33:e3:33:9d',6,1,1);
INSERT INTO snmp_interface_cache VALUES (4096,2,NULL,'eth0',NULL,'192.168.1.11','0:40:33:e3:33:9d',6,1,1);
INSERT INTO snmp_interface_cache VALUES (4097,2,NULL,'eth0',NULL,'192.168.1.11','0:40:33:e3:33:9d',6,1,1);
INSERT INTO snmp_interface_cache VALUES (4098,2,NULL,'eth0',NULL,'192.168.1.11','0:40:33:e3:33:9d',6,1,1);
INSERT INTO snmp_interface_cache VALUES (4099,2,NULL,'eth0',NULL,'192.168.1.11','0:40:33:e3:33:9d',6,1,1);
INSERT INTO snmp_interface_cache VALUES (4100,2,NULL,'eth0',NULL,'192.168.1.11','0:40:33:e3:33:9d',6,1,1);
INSERT INTO snmp_interface_cache VALUES (4093,1,NULL,'lo',NULL,'127.0.0.1',NULL,24,1,1);
INSERT INTO snmp_interface_cache VALUES (4094,1,NULL,'lo',NULL,'127.0.0.1',NULL,24,1,1);
INSERT INTO snmp_interface_cache VALUES (4095,1,NULL,'lo',NULL,'127.0.0.1',NULL,24,1,1);
INSERT INTO snmp_interface_cache VALUES (4096,1,NULL,'lo',NULL,'127.0.0.1',NULL,24,1,1);
INSERT INTO snmp_interface_cache VALUES (4097,1,NULL,'lo',NULL,'127.0.0.1',NULL,24,1,1);
INSERT INTO snmp_interface_cache VALUES (4099,1,NULL,'lo',NULL,'127.0.0.1',NULL,24,1,1);
INSERT INTO snmp_interface_cache VALUES (4098,1,NULL,'lo',NULL,'127.0.0.1',NULL,24,1,1);
INSERT INTO snmp_interface_cache VALUES (4100,1,NULL,'lo',NULL,'127.0.0.1',NULL,24,1,1);
INSERT INTO snmp_interface_cache VALUES (4101,2,NULL,'eth0',NULL,'192.168.1.11','0:40:33:e3:33:9d',6,1,1);
INSERT INTO snmp_interface_cache VALUES (4101,1,NULL,'lo',NULL,'127.0.0.1',NULL,24,1,1);
INSERT INTO snmp_interface_cache VALUES (4102,2,NULL,'eth0',NULL,'192.168.1.11','0:40:33:e3:33:9d',6,1,1);
INSERT INTO snmp_interface_cache VALUES (4103,2,NULL,'eth0',NULL,'192.168.1.11','0:40:33:e3:33:9d',6,1,1);
INSERT INTO snmp_interface_cache VALUES (4104,2,NULL,'eth0',NULL,'192.168.1.11','0:40:33:e3:33:9d',6,1,1);
INSERT INTO snmp_interface_cache VALUES (4105,2,NULL,'eth0',NULL,'192.168.1.11','0:40:33:e3:33:9d',6,1,1);
INSERT INTO snmp_interface_cache VALUES (4107,2,NULL,'eth0',NULL,'192.168.1.11','0:40:33:e3:33:9d',6,1,1);
INSERT INTO snmp_interface_cache VALUES (4106,2,NULL,'eth0',NULL,'192.168.1.11','0:40:33:e3:33:9d',6,1,1);
INSERT INTO snmp_interface_cache VALUES (4108,2,NULL,'eth0',NULL,'192.168.1.11','0:40:33:e3:33:9d',6,1,1);
INSERT INTO snmp_interface_cache VALUES (4102,1,NULL,'lo',NULL,'127.0.0.1',NULL,24,1,1);
INSERT INTO snmp_interface_cache VALUES (4109,2,NULL,'eth0',NULL,'192.168.1.11','0:40:33:e3:33:9d',6,1,1);
INSERT INTO snmp_interface_cache VALUES (4110,2,NULL,'eth0',NULL,'192.168.1.11','0:40:33:e3:33:9d',6,1,1);
INSERT INTO snmp_interface_cache VALUES (4103,1,NULL,'lo',NULL,'127.0.0.1',NULL,24,1,1);
INSERT INTO snmp_interface_cache VALUES (4104,1,NULL,'lo',NULL,'127.0.0.1',NULL,24,1,1);
INSERT INTO snmp_interface_cache VALUES (4111,2,NULL,'eth0',NULL,'192.168.1.11','0:40:33:e3:33:9d',6,1,1);
INSERT INTO snmp_interface_cache VALUES (4105,1,NULL,'lo',NULL,'127.0.0.1',NULL,24,1,1);
INSERT INTO snmp_interface_cache VALUES (4107,1,NULL,'lo',NULL,'127.0.0.1',NULL,24,1,1);
INSERT INTO snmp_interface_cache VALUES (4108,1,NULL,'lo',NULL,'127.0.0.1',NULL,24,1,1);
INSERT INTO snmp_interface_cache VALUES (4109,1,NULL,'lo',NULL,'127.0.0.1',NULL,24,1,1);
INSERT INTO snmp_interface_cache VALUES (4110,1,NULL,'lo',NULL,'127.0.0.1',NULL,24,1,1);
INSERT INTO snmp_interface_cache VALUES (4111,1,NULL,'lo',NULL,'127.0.0.1',NULL,24,1,1);
INSERT INTO snmp_interface_cache VALUES (4106,1,NULL,'lo',NULL,'127.0.0.1',NULL,24,1,1);
INSERT INTO snmp_interface_cache VALUES (4113,2,NULL,'eth0',NULL,'192.168.1.11','0:40:33:e3:33:9d',6,1,1);
INSERT INTO snmp_interface_cache VALUES (4112,2,NULL,'eth0',NULL,'192.168.1.11','0:40:33:e3:33:9d',6,1,1);
INSERT INTO snmp_interface_cache VALUES (4114,2,NULL,'eth0',NULL,'192.168.1.11','0:40:33:e3:33:9d',6,1,1);
INSERT INTO snmp_interface_cache VALUES (4115,2,NULL,'eth0',NULL,'192.168.1.11','0:40:33:e3:33:9d',6,1,1);
INSERT INTO snmp_interface_cache VALUES (4116,2,NULL,'eth0',NULL,'192.168.1.11','0:40:33:e3:33:9d',6,1,1);
INSERT INTO snmp_interface_cache VALUES (4113,1,NULL,'lo',NULL,'127.0.0.1',NULL,24,1,1);
INSERT INTO snmp_interface_cache VALUES (4112,1,NULL,'lo',NULL,'127.0.0.1',NULL,24,1,1);
INSERT INTO snmp_interface_cache VALUES (4114,1,NULL,'lo',NULL,'127.0.0.1',NULL,24,1,1);
INSERT INTO snmp_interface_cache VALUES (4115,1,NULL,'lo',NULL,'127.0.0.1',NULL,24,1,1);
INSERT INTO snmp_interface_cache VALUES (4116,1,NULL,'lo',NULL,'127.0.0.1',NULL,24,1,1);
INSERT INTO snmp_interface_cache VALUES (4117,2,NULL,'eth0',NULL,'192.168.1.11','0:40:33:e3:33:9d',6,1,1);
INSERT INTO snmp_interface_cache VALUES (4117,1,NULL,'lo',NULL,'127.0.0.1',NULL,24,1,1);
INSERT INTO snmp_interface_cache VALUES (4118,2,NULL,'eth0',NULL,'192.168.1.11','0:40:33:e3:33:9d',6,1,1);
INSERT INTO snmp_interface_cache VALUES (4118,1,NULL,'lo',NULL,'127.0.0.1',NULL,24,1,1);
INSERT INTO snmp_interface_cache VALUES (4120,2,NULL,'eth0',NULL,'192.168.1.11','0:40:33:e3:33:9d',6,1,1);
INSERT INTO snmp_interface_cache VALUES (4119,2,NULL,'eth0',NULL,'192.168.1.11','0:40:33:e3:33:9d',6,1,1);
INSERT INTO snmp_interface_cache VALUES (4121,2,NULL,'eth0',NULL,'192.168.1.11','0:40:33:e3:33:9d',6,1,1);
INSERT INTO snmp_interface_cache VALUES (4120,1,NULL,'lo',NULL,'127.0.0.1',NULL,24,1,1);
INSERT INTO snmp_interface_cache VALUES (4122,2,NULL,'eth0',NULL,'192.168.1.11','0:40:33:e3:33:9d',6,1,1);
INSERT INTO snmp_interface_cache VALUES (4119,1,NULL,'lo',NULL,'127.0.0.1',NULL,24,1,1);
INSERT INTO snmp_interface_cache VALUES (4123,2,NULL,'eth0',NULL,'192.168.1.11','0:40:33:e3:33:9d',6,1,1);
INSERT INTO snmp_interface_cache VALUES (4124,2,NULL,'eth0',NULL,'192.168.1.11','0:40:33:e3:33:9d',6,1,1);
INSERT INTO snmp_interface_cache VALUES (4125,2,NULL,'eth0',NULL,'192.168.1.11','0:40:33:e3:33:9d',6,1,1);
INSERT INTO snmp_interface_cache VALUES (4126,2,NULL,'eth0',NULL,'192.168.1.11','0:40:33:e3:33:9d',6,1,1);
INSERT INTO snmp_interface_cache VALUES (4127,2,NULL,'eth0',NULL,'192.168.1.11','0:40:33:e3:33:9d',6,1,1);
INSERT INTO snmp_interface_cache VALUES (4121,1,NULL,'lo',NULL,'127.0.0.1',NULL,24,1,1);
INSERT INTO snmp_interface_cache VALUES (4122,1,NULL,'lo',NULL,'127.0.0.1',NULL,24,1,1);
INSERT INTO snmp_interface_cache VALUES (4123,1,NULL,'lo',NULL,'127.0.0.1',NULL,24,1,1);
INSERT INTO snmp_interface_cache VALUES (4124,1,NULL,'lo',NULL,'127.0.0.1',NULL,24,1,1);
INSERT INTO snmp_interface_cache VALUES (4125,1,NULL,'lo',NULL,'127.0.0.1',NULL,24,1,1);
INSERT INTO snmp_interface_cache VALUES (4126,1,NULL,'lo',NULL,'127.0.0.1',NULL,24,1,1);
INSERT INTO snmp_interface_cache VALUES (4127,1,NULL,'lo',NULL,'127.0.0.1',NULL,24,1,1);
INSERT INTO snmp_interface_cache VALUES (4128,2,NULL,'eth0',NULL,'192.168.1.11','0:40:33:e3:33:9d',6,1,1);
INSERT INTO snmp_interface_cache VALUES (4128,1,NULL,'lo',NULL,'127.0.0.1',NULL,24,1,1);
INSERT INTO snmp_interface_cache VALUES (4129,2,NULL,'eth0',NULL,'192.168.1.11','0:40:33:e3:33:9d',6,1,1);
INSERT INTO snmp_interface_cache VALUES (4130,2,NULL,'eth0',NULL,'192.168.1.11','0:40:33:e3:33:9d',6,1,1);
INSERT INTO snmp_interface_cache VALUES (4129,1,NULL,'lo',NULL,'127.0.0.1',NULL,24,1,1);
INSERT INTO snmp_interface_cache VALUES (4130,1,NULL,'lo',NULL,'127.0.0.1',NULL,24,1,1);
INSERT INTO snmp_interface_cache VALUES (4131,2,NULL,'eth0',NULL,'192.168.1.11','0:40:33:e3:33:9d',6,1,1);
INSERT INTO snmp_interface_cache VALUES (4132,2,NULL,'eth0',NULL,'192.168.1.11','0:40:33:e3:33:9d',6,1,1);
INSERT INTO snmp_interface_cache VALUES (4133,2,NULL,'eth0',NULL,'192.168.1.11','0:40:33:e3:33:9d',6,1,1);
INSERT INTO snmp_interface_cache VALUES (4134,2,NULL,'eth0',NULL,'192.168.1.11','0:40:33:e3:33:9d',6,1,1);
INSERT INTO snmp_interface_cache VALUES (4135,2,NULL,'eth0',NULL,'192.168.1.11','0:40:33:e3:33:9d',6,1,1);
INSERT INTO snmp_interface_cache VALUES (4137,2,NULL,'eth0',NULL,'192.168.1.11','0:40:33:e3:33:9d',6,1,1);
INSERT INTO snmp_interface_cache VALUES (4136,2,NULL,'eth0',NULL,'192.168.1.11','0:40:33:e3:33:9d',6,1,1);
INSERT INTO snmp_interface_cache VALUES (4131,1,NULL,'lo',NULL,'127.0.0.1',NULL,24,1,1);
INSERT INTO snmp_interface_cache VALUES (4138,2,NULL,'eth0',NULL,'192.168.1.11','0:40:33:e3:33:9d',6,1,1);
INSERT INTO snmp_interface_cache VALUES (4132,1,NULL,'lo',NULL,'127.0.0.1',NULL,24,1,1);
INSERT INTO snmp_interface_cache VALUES (4139,2,NULL,'eth0',NULL,'192.168.1.11','0:40:33:e3:33:9d',6,1,1);
INSERT INTO snmp_interface_cache VALUES (4140,2,NULL,'eth0',NULL,'192.168.1.11','0:40:33:e3:33:9d',6,1,1);
INSERT INTO snmp_interface_cache VALUES (4133,1,NULL,'lo',NULL,'127.0.0.1',NULL,24,1,1);
INSERT INTO snmp_interface_cache VALUES (4134,1,NULL,'lo',NULL,'127.0.0.1',NULL,24,1,1);
INSERT INTO snmp_interface_cache VALUES (4135,1,NULL,'lo',NULL,'127.0.0.1',NULL,24,1,1);
INSERT INTO snmp_interface_cache VALUES (4137,1,NULL,'lo',NULL,'127.0.0.1',NULL,24,1,1);
INSERT INTO snmp_interface_cache VALUES (4136,1,NULL,'lo',NULL,'127.0.0.1',NULL,24,1,1);
INSERT INTO snmp_interface_cache VALUES (4138,1,NULL,'lo',NULL,'127.0.0.1',NULL,24,1,1);
INSERT INTO snmp_interface_cache VALUES (4139,1,NULL,'lo',NULL,'127.0.0.1',NULL,24,1,1);
INSERT INTO snmp_interface_cache VALUES (4140,1,NULL,'lo',NULL,'127.0.0.1',NULL,24,1,1);
INSERT INTO snmp_interface_cache VALUES (4141,2,NULL,'eth0',NULL,'192.168.1.11','0:40:33:e3:33:9d',6,1,1);
INSERT INTO snmp_interface_cache VALUES (4142,2,NULL,'eth0',NULL,'192.168.1.11','0:40:33:e3:33:9d',6,1,1);
INSERT INTO snmp_interface_cache VALUES (4141,1,NULL,'lo',NULL,'127.0.0.1',NULL,24,1,1);
INSERT INTO snmp_interface_cache VALUES (4142,1,NULL,'lo',NULL,'127.0.0.1',NULL,24,1,1);
INSERT INTO snmp_interface_cache VALUES (4143,2,NULL,'eth0',NULL,'192.168.1.11','0:40:33:e3:33:9d',6,1,1);
INSERT INTO snmp_interface_cache VALUES (4144,2,NULL,'eth0',NULL,'192.168.1.11','0:40:33:e3:33:9d',6,1,1);
INSERT INTO snmp_interface_cache VALUES (4146,2,NULL,'eth0',NULL,'192.168.1.11','0:40:33:e3:33:9d',6,1,1);
INSERT INTO snmp_interface_cache VALUES (4145,2,NULL,'eth0',NULL,'192.168.1.11','0:40:33:e3:33:9d',6,1,1);
INSERT INTO snmp_interface_cache VALUES (4147,2,NULL,'eth0',NULL,'192.168.1.11','0:40:33:e3:33:9d',6,1,1);
INSERT INTO snmp_interface_cache VALUES (4148,2,NULL,'eth0',NULL,'192.168.1.11','0:40:33:e3:33:9d',6,1,1);
INSERT INTO snmp_interface_cache VALUES (4149,2,NULL,'eth0',NULL,'192.168.1.11','0:40:33:e3:33:9d',6,1,1);
INSERT INTO snmp_interface_cache VALUES (4143,1,NULL,'lo',NULL,'127.0.0.1',NULL,24,1,1);
INSERT INTO snmp_interface_cache VALUES (4144,1,NULL,'lo',NULL,'127.0.0.1',NULL,24,1,1);
INSERT INTO snmp_interface_cache VALUES (4146,1,NULL,'lo',NULL,'127.0.0.1',NULL,24,1,1);
INSERT INTO snmp_interface_cache VALUES (4145,1,NULL,'lo',NULL,'127.0.0.1',NULL,24,1,1);
INSERT INTO snmp_interface_cache VALUES (4147,1,NULL,'lo',NULL,'127.0.0.1',NULL,24,1,1);
INSERT INTO snmp_interface_cache VALUES (4148,1,NULL,'lo',NULL,'127.0.0.1',NULL,24,1,1);
INSERT INTO snmp_interface_cache VALUES (4149,1,NULL,'lo',NULL,'127.0.0.1',NULL,24,1,1);
INSERT INTO snmp_interface_cache VALUES (5000,1,NULL,'lo',NULL,'127.0.0.1',NULL,24,1,1);
INSERT INTO snmp_interface_cache VALUES (7045,1,NULL,'lo',NULL,'127.0.0.1',NULL,24,1,1);
INSERT INTO snmp_interface_cache VALUES (7042,1,NULL,'lo',NULL,'127.0.0.1',NULL,24,1,1);
INSERT INTO snmp_interface_cache VALUES (7039,1,NULL,'lo',NULL,'127.0.0.1',NULL,24,1,1);
INSERT INTO snmp_interface_cache VALUES (7036,1,NULL,'lo',NULL,'127.0.0.1',NULL,24,1,1);
INSERT INTO snmp_interface_cache VALUES (7027,1,NULL,'lo',NULL,'127.0.0.1',NULL,24,1,1);
INSERT INTO snmp_interface_cache VALUES (7024,1,NULL,'lo',NULL,'127.0.0.1',NULL,24,1,1);
INSERT INTO snmp_interface_cache VALUES (7021,1,NULL,'lo',NULL,'127.0.0.1',NULL,24,1,1);
INSERT INTO snmp_interface_cache VALUES (7011,1,NULL,'lo',NULL,'127.0.0.1',NULL,24,1,1);
INSERT INTO snmp_interface_cache VALUES (7000,1,NULL,'lo',NULL,'127.0.0.1',NULL,24,1,1);
INSERT INTO snmp_interface_cache VALUES (7048,2,NULL,'eth0',NULL,'192.168.1.11','0:40:33:e3:33:9d',6,1,1);
INSERT INTO snmp_interface_cache VALUES (7046,2,NULL,'eth0',NULL,'192.168.1.11','0:40:33:e3:33:9d',6,1,1);
INSERT INTO snmp_interface_cache VALUES (7044,2,NULL,'eth0',NULL,'192.168.1.11','0:40:33:e3:33:9d',6,1,1);
INSERT INTO snmp_interface_cache VALUES (7042,2,NULL,'eth0',NULL,'192.168.1.11','0:40:33:e3:33:9d',6,1,1);
INSERT INTO snmp_interface_cache VALUES (7039,2,NULL,'eth0',NULL,'192.168.1.11','0:40:33:e3:33:9d',6,1,1);
INSERT INTO snmp_interface_cache VALUES (7037,2,NULL,'eth0',NULL,'192.168.1.11','0:40:33:e3:33:9d',6,1,1);
INSERT INTO snmp_interface_cache VALUES (7035,2,NULL,'eth0',NULL,'192.168.1.11','0:40:33:e3:33:9d',6,1,1);
INSERT INTO snmp_interface_cache VALUES (7033,2,NULL,'eth0',NULL,'192.168.1.11','0:40:33:e3:33:9d',6,1,1);
INSERT INTO snmp_interface_cache VALUES (7031,2,NULL,'eth0',NULL,'192.168.1.11','0:40:33:e3:33:9d',6,1,1);
INSERT INTO snmp_interface_cache VALUES (7029,2,NULL,'eth0',NULL,'192.168.1.11','0:40:33:e3:33:9d',6,1,1);
INSERT INTO snmp_interface_cache VALUES (7027,2,NULL,'eth0',NULL,'192.168.1.11','0:40:33:e3:33:9d',6,1,1);
INSERT INTO snmp_interface_cache VALUES (7025,2,NULL,'eth0',NULL,'192.168.1.11','0:40:33:e3:33:9d',6,1,1);
INSERT INTO snmp_interface_cache VALUES (7023,2,NULL,'eth0',NULL,'192.168.1.11','0:40:33:e3:33:9d',6,1,1);
INSERT INTO snmp_interface_cache VALUES (7021,2,NULL,'eth0',NULL,'192.168.1.11','0:40:33:e3:33:9d',6,1,1);
INSERT INTO snmp_interface_cache VALUES (7019,2,NULL,'eth0',NULL,'192.168.1.11','0:40:33:e3:33:9d',6,1,1);
INSERT INTO snmp_interface_cache VALUES (7017,2,NULL,'eth0',NULL,'192.168.1.11','0:40:33:e3:33:9d',6,1,1);
INSERT INTO snmp_interface_cache VALUES (7015,2,NULL,'eth0',NULL,'192.168.1.11','0:40:33:e3:33:9d',6,1,1);
INSERT INTO snmp_interface_cache VALUES (7013,2,NULL,'eth0',NULL,'192.168.1.11','0:40:33:e3:33:9d',6,1,1);
INSERT INTO snmp_interface_cache VALUES (7011,2,NULL,'eth0',NULL,'192.168.1.11','0:40:33:e3:33:9d',6,1,1);
INSERT INTO snmp_interface_cache VALUES (7008,2,NULL,'eth0',NULL,'192.168.1.11','0:40:33:e3:33:9d',6,1,1);
INSERT INTO snmp_interface_cache VALUES (7006,2,NULL,'eth0',NULL,'192.168.1.11','0:40:33:e3:33:9d',6,1,1);
INSERT INTO snmp_interface_cache VALUES (7003,2,NULL,'eth0',NULL,'192.168.1.11','0:40:33:e3:33:9d',6,1,1);
INSERT INTO snmp_interface_cache VALUES (7001,2,NULL,'eth0',NULL,'192.168.1.11','0:40:33:e3:33:9d',6,1,1);
INSERT INTO snmp_interface_cache VALUES (7046,1,NULL,'lo',NULL,'127.0.0.1',NULL,24,1,1);
INSERT INTO snmp_interface_cache VALUES (7043,1,NULL,'lo',NULL,'127.0.0.1',NULL,24,1,1);
INSERT INTO snmp_interface_cache VALUES (7040,1,NULL,'lo',NULL,'127.0.0.1',NULL,24,1,1);
INSERT INTO snmp_interface_cache VALUES (7037,1,NULL,'lo',NULL,'127.0.0.1',NULL,24,1,1);
INSERT INTO snmp_interface_cache VALUES (7029,1,NULL,'lo',NULL,'127.0.0.1',NULL,24,1,1);
INSERT INTO snmp_interface_cache VALUES (7028,1,NULL,'lo',NULL,'127.0.0.1',NULL,24,1,1);
INSERT INTO snmp_interface_cache VALUES (7025,1,NULL,'lo',NULL,'127.0.0.1',NULL,24,1,1);
INSERT INTO snmp_interface_cache VALUES (7022,1,NULL,'lo',NULL,'127.0.0.1',NULL,24,1,1);
INSERT INTO snmp_interface_cache VALUES (7018,1,NULL,'lo',NULL,'127.0.0.1',NULL,24,1,1);
INSERT INTO snmp_interface_cache VALUES (7012,1,NULL,'lo',NULL,'127.0.0.1',NULL,24,1,1);
INSERT INTO snmp_interface_cache VALUES (7001,1,NULL,'lo',NULL,'127.0.0.1',NULL,24,1,1);
INSERT INTO snmp_interface_cache VALUES (7049,2,NULL,'eth0',NULL,'192.168.1.11','0:40:33:e3:33:9d',6,1,1);
INSERT INTO snmp_interface_cache VALUES (7045,2,NULL,'eth0',NULL,'192.168.1.11','0:40:33:e3:33:9d',6,1,1);
INSERT INTO snmp_interface_cache VALUES (7040,2,NULL,'eth0',NULL,'192.168.1.11','0:40:33:e3:33:9d',6,1,1);
INSERT INTO snmp_interface_cache VALUES (7038,2,NULL,'eth0',NULL,'192.168.1.11','0:40:33:e3:33:9d',6,1,1);
INSERT INTO snmp_interface_cache VALUES (7036,2,NULL,'eth0',NULL,'192.168.1.11','0:40:33:e3:33:9d',6,1,1);
INSERT INTO snmp_interface_cache VALUES (7034,2,NULL,'eth0',NULL,'192.168.1.11','0:40:33:e3:33:9d',6,1,1);
INSERT INTO snmp_interface_cache VALUES (7032,2,NULL,'eth0',NULL,'192.168.1.11','0:40:33:e3:33:9d',6,1,1);
INSERT INTO snmp_interface_cache VALUES (7030,2,NULL,'eth0',NULL,'192.168.1.11','0:40:33:e3:33:9d',6,1,1);
INSERT INTO snmp_interface_cache VALUES (7028,2,NULL,'eth0',NULL,'192.168.1.11','0:40:33:e3:33:9d',6,1,1);
INSERT INTO snmp_interface_cache VALUES (7026,2,NULL,'eth0',NULL,'192.168.1.11','0:40:33:e3:33:9d',6,1,1);
INSERT INTO snmp_interface_cache VALUES (7024,2,NULL,'eth0',NULL,'192.168.1.11','0:40:33:e3:33:9d',6,1,1);
INSERT INTO snmp_interface_cache VALUES (7022,2,NULL,'eth0',NULL,'192.168.1.11','0:40:33:e3:33:9d',6,1,1);
INSERT INTO snmp_interface_cache VALUES (7020,2,NULL,'eth0',NULL,'192.168.1.11','0:40:33:e3:33:9d',6,1,1);
INSERT INTO snmp_interface_cache VALUES (7018,2,NULL,'eth0',NULL,'192.168.1.11','0:40:33:e3:33:9d',6,1,1);
INSERT INTO snmp_interface_cache VALUES (7016,2,NULL,'eth0',NULL,'192.168.1.11','0:40:33:e3:33:9d',6,1,1);
INSERT INTO snmp_interface_cache VALUES (7014,2,NULL,'eth0',NULL,'192.168.1.11','0:40:33:e3:33:9d',6,1,1);
INSERT INTO snmp_interface_cache VALUES (7010,2,NULL,'eth0',NULL,'192.168.1.11','0:40:33:e3:33:9d',6,1,1);
INSERT INTO snmp_interface_cache VALUES (7009,2,NULL,'eth0',NULL,'192.168.1.11','0:40:33:e3:33:9d',6,1,1);
INSERT INTO snmp_interface_cache VALUES (7007,2,NULL,'eth0',NULL,'192.168.1.11','0:40:33:e3:33:9d',6,1,1);
INSERT INTO snmp_interface_cache VALUES (7005,2,NULL,'eth0',NULL,'192.168.1.11','0:40:33:e3:33:9d',6,1,1);
INSERT INTO snmp_interface_cache VALUES (7049,1,NULL,'lo',NULL,'127.0.0.1',NULL,24,1,1);
INSERT INTO snmp_interface_cache VALUES (7048,1,NULL,'lo',NULL,'127.0.0.1',NULL,24,1,1);
INSERT INTO snmp_interface_cache VALUES (7047,1,NULL,'lo',NULL,'127.0.0.1',NULL,24,1,1);
INSERT INTO snmp_interface_cache VALUES (7044,1,NULL,'lo',NULL,'127.0.0.1',NULL,24,1,1);
INSERT INTO snmp_interface_cache VALUES (7041,1,NULL,'lo',NULL,'127.0.0.1',NULL,24,1,1);
INSERT INTO snmp_interface_cache VALUES (7038,1,NULL,'lo',NULL,'127.0.0.1',NULL,24,1,1);
INSERT INTO snmp_interface_cache VALUES (7035,1,NULL,'lo',NULL,'127.0.0.1',NULL,24,1,1);
INSERT INTO snmp_interface_cache VALUES (7034,1,NULL,'lo',NULL,'127.0.0.1',NULL,24,1,1);
INSERT INTO snmp_interface_cache VALUES (7033,1,NULL,'lo',NULL,'127.0.0.1',NULL,24,1,1);
INSERT INTO snmp_interface_cache VALUES (7032,1,NULL,'lo',NULL,'127.0.0.1',NULL,24,1,1);
INSERT INTO snmp_interface_cache VALUES (7031,1,NULL,'lo',NULL,'127.0.0.1',NULL,24,1,1);
INSERT INTO snmp_interface_cache VALUES (7030,1,NULL,'lo',NULL,'127.0.0.1',NULL,24,1,1);
INSERT INTO snmp_interface_cache VALUES (7026,1,NULL,'lo',NULL,'127.0.0.1',NULL,24,1,1);
INSERT INTO snmp_interface_cache VALUES (7023,1,NULL,'lo',NULL,'127.0.0.1',NULL,24,1,1);
INSERT INTO snmp_interface_cache VALUES (7020,1,NULL,'lo',NULL,'127.0.0.1',NULL,24,1,1);
INSERT INTO snmp_interface_cache VALUES (7019,1,NULL,'lo',NULL,'127.0.0.1',NULL,24,1,1);
INSERT INTO snmp_interface_cache VALUES (7017,1,NULL,'lo',NULL,'127.0.0.1',NULL,24,1,1);
INSERT INTO snmp_interface_cache VALUES (7016,1,NULL,'lo',NULL,'127.0.0.1',NULL,24,1,1);
INSERT INTO snmp_interface_cache VALUES (7015,1,NULL,'lo',NULL,'127.0.0.1',NULL,24,1,1);
INSERT INTO snmp_interface_cache VALUES (7014,1,NULL,'lo',NULL,'127.0.0.1',NULL,24,1,1);
INSERT INTO snmp_interface_cache VALUES (7013,1,NULL,'lo',NULL,'127.0.0.1',NULL,24,1,1);
INSERT INTO snmp_interface_cache VALUES (7010,1,NULL,'lo',NULL,'127.0.0.1',NULL,24,1,1);
INSERT INTO snmp_interface_cache VALUES (7009,1,NULL,'lo',NULL,'127.0.0.1',NULL,24,1,1);
INSERT INTO snmp_interface_cache VALUES (7008,1,NULL,'lo',NULL,'127.0.0.1',NULL,24,1,1);
INSERT INTO snmp_interface_cache VALUES (7007,1,NULL,'lo',NULL,'127.0.0.1',NULL,24,1,1);
INSERT INTO snmp_interface_cache VALUES (7006,1,NULL,'lo',NULL,'127.0.0.1',NULL,24,1,1);
INSERT INTO snmp_interface_cache VALUES (7005,1,NULL,'lo',NULL,'127.0.0.1',NULL,24,1,1);
INSERT INTO snmp_interface_cache VALUES (7003,1,NULL,'lo',NULL,'127.0.0.1',NULL,24,1,1);
INSERT INTO snmp_interface_cache VALUES (7004,1,NULL,'lo',NULL,'127.0.0.1',NULL,24,1,1);
INSERT INTO snmp_interface_cache VALUES (7002,1,NULL,'lo',NULL,'127.0.0.1',NULL,24,1,1);
INSERT INTO snmp_interface_cache VALUES (7047,2,NULL,'eth0',NULL,'192.168.1.11','0:40:33:e3:33:9d',6,1,1);
INSERT INTO snmp_interface_cache VALUES (7043,2,NULL,'eth0',NULL,'192.168.1.11','0:40:33:e3:33:9d',6,1,1);
INSERT INTO snmp_interface_cache VALUES (7041,2,NULL,'eth0',NULL,'192.168.1.11','0:40:33:e3:33:9d',6,1,1);
INSERT INTO snmp_interface_cache VALUES (7012,2,NULL,'eth0',NULL,'192.168.1.11','0:40:33:e3:33:9d',6,1,1);
INSERT INTO snmp_interface_cache VALUES (7004,2,NULL,'eth0',NULL,'192.168.1.11','0:40:33:e3:33:9d',6,1,1);
INSERT INTO snmp_interface_cache VALUES (7000,2,NULL,'eth0',NULL,'192.168.1.11','0:40:33:e3:33:9d',6,1,1);
INSERT INTO snmp_interface_cache VALUES (7002,2,NULL,'eth0',NULL,'192.168.1.11','0:40:33:e3:33:9d',6,1,1);
INSERT INTO snmp_interface_cache VALUES (7098,1,NULL,'lo',NULL,'127.0.0.1',NULL,24,1,1);
INSERT INTO snmp_interface_cache VALUES (7066,1,NULL,'lo',NULL,'127.0.0.1',NULL,24,1,1);
INSERT INTO snmp_interface_cache VALUES (7059,1,NULL,'lo',NULL,'127.0.0.1',NULL,24,1,1);
INSERT INTO snmp_interface_cache VALUES (7060,1,NULL,'lo',NULL,'127.0.0.1',NULL,24,1,1);
INSERT INTO snmp_interface_cache VALUES (7061,1,NULL,'lo',NULL,'127.0.0.1',NULL,24,1,1);
INSERT INTO snmp_interface_cache VALUES (7053,1,NULL,'lo',NULL,'127.0.0.1',NULL,24,1,1);
INSERT INTO snmp_interface_cache VALUES (7054,1,NULL,'lo',NULL,'127.0.0.1',NULL,24,1,1);
INSERT INTO snmp_interface_cache VALUES (7098,2,NULL,'eth0',NULL,'192.168.1.11','0:40:33:e3:33:9d',6,1,1);
INSERT INTO snmp_interface_cache VALUES (7096,2,NULL,'eth0',NULL,'192.168.1.11','0:40:33:e3:33:9d',6,1,1);
INSERT INTO snmp_interface_cache VALUES (7094,2,NULL,'eth0',NULL,'192.168.1.11','0:40:33:e3:33:9d',6,1,1);
INSERT INTO snmp_interface_cache VALUES (7090,2,NULL,'eth0',NULL,'192.168.1.11','0:40:33:e3:33:9d',6,1,1);
INSERT INTO snmp_interface_cache VALUES (7088,2,NULL,'eth0',NULL,'192.168.1.11','0:40:33:e3:33:9d',6,1,1);
INSERT INTO snmp_interface_cache VALUES (7086,2,NULL,'eth0',NULL,'192.168.1.11','0:40:33:e3:33:9d',6,1,1);
INSERT INTO snmp_interface_cache VALUES (7084,2,NULL,'eth0',NULL,'192.168.1.11','0:40:33:e3:33:9d',6,1,1);
INSERT INTO snmp_interface_cache VALUES (7080,2,NULL,'eth0',NULL,'192.168.1.11','0:40:33:e3:33:9d',6,1,1);
INSERT INTO snmp_interface_cache VALUES (7078,2,NULL,'eth0',NULL,'192.168.1.11','0:40:33:e3:33:9d',6,1,1);
INSERT INTO snmp_interface_cache VALUES (7076,2,NULL,'eth0',NULL,'192.168.1.11','0:40:33:e3:33:9d',6,1,1);
INSERT INTO snmp_interface_cache VALUES (7074,2,NULL,'eth0',NULL,'192.168.1.11','0:40:33:e3:33:9d',6,1,1);
INSERT INTO snmp_interface_cache VALUES (7073,2,NULL,'eth0',NULL,'192.168.1.11','0:40:33:e3:33:9d',6,1,1);
INSERT INTO snmp_interface_cache VALUES (7068,2,NULL,'eth0',NULL,'192.168.1.11','0:40:33:e3:33:9d',6,1,1);
INSERT INTO snmp_interface_cache VALUES (7067,2,NULL,'eth0',NULL,'192.168.1.11','0:40:33:e3:33:9d',6,1,1);
INSERT INTO snmp_interface_cache VALUES (7066,2,NULL,'eth0',NULL,'192.168.1.11','0:40:33:e3:33:9d',6,1,1);
INSERT INTO snmp_interface_cache VALUES (7063,2,NULL,'eth0',NULL,'192.168.1.11','0:40:33:e3:33:9d',6,1,1);
INSERT INTO snmp_interface_cache VALUES (7061,2,NULL,'eth0',NULL,'192.168.1.11','0:40:33:e3:33:9d',6,1,1);
INSERT INTO snmp_interface_cache VALUES (7059,2,NULL,'eth0',NULL,'192.168.1.11','0:40:33:e3:33:9d',6,1,1);
INSERT INTO snmp_interface_cache VALUES (7057,2,NULL,'eth0',NULL,'192.168.1.11','0:40:33:e3:33:9d',6,1,1);
INSERT INTO snmp_interface_cache VALUES (7055,2,NULL,'eth0',NULL,'192.168.1.11','0:40:33:e3:33:9d',6,1,1);
INSERT INTO snmp_interface_cache VALUES (7052,2,NULL,'eth0',NULL,'192.168.1.11','0:40:33:e3:33:9d',6,1,1);
INSERT INTO snmp_interface_cache VALUES (7099,1,NULL,'lo',NULL,'127.0.0.1',NULL,24,1,1);
INSERT INTO snmp_interface_cache VALUES (7071,1,NULL,'lo',NULL,'127.0.0.1',NULL,24,1,1);
INSERT INTO snmp_interface_cache VALUES (7070,1,NULL,'lo',NULL,'127.0.0.1',NULL,24,1,1);
INSERT INTO snmp_interface_cache VALUES (7069,1,NULL,'lo',NULL,'127.0.0.1',NULL,24,1,1);
INSERT INTO snmp_interface_cache VALUES (7062,1,NULL,'lo',NULL,'127.0.0.1',NULL,24,1,1);
INSERT INTO snmp_interface_cache VALUES (7064,1,NULL,'lo',NULL,'127.0.0.1',NULL,24,1,1);
INSERT INTO snmp_interface_cache VALUES (7055,1,NULL,'lo',NULL,'127.0.0.1',NULL,24,1,1);
INSERT INTO snmp_interface_cache VALUES (7099,2,NULL,'eth0',NULL,'192.168.1.11','0:40:33:e3:33:9d',6,1,1);
INSERT INTO snmp_interface_cache VALUES (7097,2,NULL,'eth0',NULL,'192.168.1.11','0:40:33:e3:33:9d',6,1,1);
INSERT INTO snmp_interface_cache VALUES (7095,2,NULL,'eth0',NULL,'192.168.1.11','0:40:33:e3:33:9d',6,1,1);
INSERT INTO snmp_interface_cache VALUES (7091,2,NULL,'eth0',NULL,'192.168.1.11','0:40:33:e3:33:9d',6,1,1);
INSERT INTO snmp_interface_cache VALUES (7089,2,NULL,'eth0',NULL,'192.168.1.11','0:40:33:e3:33:9d',6,1,1);
INSERT INTO snmp_interface_cache VALUES (7085,2,NULL,'eth0',NULL,'192.168.1.11','0:40:33:e3:33:9d',6,1,1);
INSERT INTO snmp_interface_cache VALUES (7081,2,NULL,'eth0',NULL,'192.168.1.11','0:40:33:e3:33:9d',6,1,1);
INSERT INTO snmp_interface_cache VALUES (7079,2,NULL,'eth0',NULL,'192.168.1.11','0:40:33:e3:33:9d',6,1,1);
INSERT INTO snmp_interface_cache VALUES (7077,2,NULL,'eth0',NULL,'192.168.1.11','0:40:33:e3:33:9d',6,1,1);
INSERT INTO snmp_interface_cache VALUES (7075,2,NULL,'eth0',NULL,'192.168.1.11','0:40:33:e3:33:9d',6,1,1);
INSERT INTO snmp_interface_cache VALUES (7072,2,NULL,'eth0',NULL,'192.168.1.11','0:40:33:e3:33:9d',6,1,1);
INSERT INTO snmp_interface_cache VALUES (7069,2,NULL,'eth0',NULL,'192.168.1.11','0:40:33:e3:33:9d',6,1,1);
INSERT INTO snmp_interface_cache VALUES (7065,2,NULL,'eth0',NULL,'192.168.1.11','0:40:33:e3:33:9d',6,1,1);
INSERT INTO snmp_interface_cache VALUES (7064,2,NULL,'eth0',NULL,'192.168.1.11','0:40:33:e3:33:9d',6,1,1);
INSERT INTO snmp_interface_cache VALUES (7062,2,NULL,'eth0',NULL,'192.168.1.11','0:40:33:e3:33:9d',6,1,1);
INSERT INTO snmp_interface_cache VALUES (7060,2,NULL,'eth0',NULL,'192.168.1.11','0:40:33:e3:33:9d',6,1,1);
INSERT INTO snmp_interface_cache VALUES (7054,2,NULL,'eth0',NULL,'192.168.1.11','0:40:33:e3:33:9d',6,1,1);
INSERT INTO snmp_interface_cache VALUES (7097,1,NULL,'lo',NULL,'127.0.0.1',NULL,24,1,1);
INSERT INTO snmp_interface_cache VALUES (7096,1,NULL,'lo',NULL,'127.0.0.1',NULL,24,1,1);
INSERT INTO snmp_interface_cache VALUES (7095,1,NULL,'lo',NULL,'127.0.0.1',NULL,24,1,1);
INSERT INTO snmp_interface_cache VALUES (7094,1,NULL,'lo',NULL,'127.0.0.1',NULL,24,1,1);
INSERT INTO snmp_interface_cache VALUES (7093,1,NULL,'lo',NULL,'127.0.0.1',NULL,24,1,1);
INSERT INTO snmp_interface_cache VALUES (7092,1,NULL,'lo',NULL,'127.0.0.1',NULL,24,1,1);
INSERT INTO snmp_interface_cache VALUES (7091,1,NULL,'lo',NULL,'127.0.0.1',NULL,24,1,1);
INSERT INTO snmp_interface_cache VALUES (7090,1,NULL,'lo',NULL,'127.0.0.1',NULL,24,1,1);
INSERT INTO snmp_interface_cache VALUES (7089,1,NULL,'lo',NULL,'127.0.0.1',NULL,24,1,1);
INSERT INTO snmp_interface_cache VALUES (7088,1,NULL,'lo',NULL,'127.0.0.1',NULL,24,1,1);
INSERT INTO snmp_interface_cache VALUES (7087,1,NULL,'lo',NULL,'127.0.0.1',NULL,24,1,1);
INSERT INTO snmp_interface_cache VALUES (7086,1,NULL,'lo',NULL,'127.0.0.1',NULL,24,1,1);
INSERT INTO snmp_interface_cache VALUES (7085,1,NULL,'lo',NULL,'127.0.0.1',NULL,24,1,1);
INSERT INTO snmp_interface_cache VALUES (7084,1,NULL,'lo',NULL,'127.0.0.1',NULL,24,1,1);
INSERT INTO snmp_interface_cache VALUES (7083,1,NULL,'lo',NULL,'127.0.0.1',NULL,24,1,1);
INSERT INTO snmp_interface_cache VALUES (7082,1,NULL,'lo',NULL,'127.0.0.1',NULL,24,1,1);
INSERT INTO snmp_interface_cache VALUES (7081,1,NULL,'lo',NULL,'127.0.0.1',NULL,24,1,1);
INSERT INTO snmp_interface_cache VALUES (7080,1,NULL,'lo',NULL,'127.0.0.1',NULL,24,1,1);
INSERT INTO snmp_interface_cache VALUES (7079,1,NULL,'lo',NULL,'127.0.0.1',NULL,24,1,1);
INSERT INTO snmp_interface_cache VALUES (7078,1,NULL,'lo',NULL,'127.0.0.1',NULL,24,1,1);
INSERT INTO snmp_interface_cache VALUES (7077,1,NULL,'lo',NULL,'127.0.0.1',NULL,24,1,1);
INSERT INTO snmp_interface_cache VALUES (7076,1,NULL,'lo',NULL,'127.0.0.1',NULL,24,1,1);
INSERT INTO snmp_interface_cache VALUES (7075,1,NULL,'lo',NULL,'127.0.0.1',NULL,24,1,1);
INSERT INTO snmp_interface_cache VALUES (7074,1,NULL,'lo',NULL,'127.0.0.1',NULL,24,1,1);
INSERT INTO snmp_interface_cache VALUES (7072,1,NULL,'lo',NULL,'127.0.0.1',NULL,24,1,1);
INSERT INTO snmp_interface_cache VALUES (7073,1,NULL,'lo',NULL,'127.0.0.1',NULL,24,1,1);
INSERT INTO snmp_interface_cache VALUES (7068,1,NULL,'lo',NULL,'127.0.0.1',NULL,24,1,1);
INSERT INTO snmp_interface_cache VALUES (7065,1,NULL,'lo',NULL,'127.0.0.1',NULL,24,1,1);
INSERT INTO snmp_interface_cache VALUES (7067,1,NULL,'lo',NULL,'127.0.0.1',NULL,24,1,1);
INSERT INTO snmp_interface_cache VALUES (7063,1,NULL,'lo',NULL,'127.0.0.1',NULL,24,1,1);
INSERT INTO snmp_interface_cache VALUES (7058,1,NULL,'lo',NULL,'127.0.0.1',NULL,24,1,1);
INSERT INTO snmp_interface_cache VALUES (7057,1,NULL,'lo',NULL,'127.0.0.1',NULL,24,1,1);
INSERT INTO snmp_interface_cache VALUES (7056,1,NULL,'lo',NULL,'127.0.0.1',NULL,24,1,1);
INSERT INTO snmp_interface_cache VALUES (7051,1,NULL,'lo',NULL,'127.0.0.1',NULL,24,1,1);
INSERT INTO snmp_interface_cache VALUES (7052,1,NULL,'lo',NULL,'127.0.0.1',NULL,24,1,1);
INSERT INTO snmp_interface_cache VALUES (7050,1,NULL,'lo',NULL,'127.0.0.1',NULL,24,1,1);
INSERT INTO snmp_interface_cache VALUES (7093,2,NULL,'eth0',NULL,'192.168.1.11','0:40:33:e3:33:9d',6,1,1);
INSERT INTO snmp_interface_cache VALUES (7092,2,NULL,'eth0',NULL,'192.168.1.11','0:40:33:e3:33:9d',6,1,1);
INSERT INTO snmp_interface_cache VALUES (7087,2,NULL,'eth0',NULL,'192.168.1.11','0:40:33:e3:33:9d',6,1,1);
INSERT INTO snmp_interface_cache VALUES (7083,2,NULL,'eth0',NULL,'192.168.1.11','0:40:33:e3:33:9d',6,1,1);
INSERT INTO snmp_interface_cache VALUES (7082,2,NULL,'eth0',NULL,'192.168.1.11','0:40:33:e3:33:9d',6,1,1);
INSERT INTO snmp_interface_cache VALUES (7070,2,NULL,'eth0',NULL,'192.168.1.11','0:40:33:e3:33:9d',6,1,1);
INSERT INTO snmp_interface_cache VALUES (7071,2,NULL,'eth0',NULL,'192.168.1.11','0:40:33:e3:33:9d',6,1,1);
INSERT INTO snmp_interface_cache VALUES (7058,2,NULL,'eth0',NULL,'192.168.1.11','0:40:33:e3:33:9d',6,1,1);
INSERT INTO snmp_interface_cache VALUES (7056,2,NULL,'eth0',NULL,'192.168.1.11','0:40:33:e3:33:9d',6,1,1);
INSERT INTO snmp_interface_cache VALUES (7053,2,NULL,'eth0',NULL,'192.168.1.11','0:40:33:e3:33:9d',6,1,1);
INSERT INTO snmp_interface_cache VALUES (7051,2,NULL,'eth0',NULL,'192.168.1.11','0:40:33:e3:33:9d',6,1,1);
INSERT INTO snmp_interface_cache VALUES (7050,2,NULL,'eth0',NULL,'192.168.1.11','0:40:33:e3:33:9d',6,1,1);
INSERT INTO snmp_interface_cache VALUES (7149,1,NULL,'lo',NULL,'127.0.0.1',NULL,24,1,1);
INSERT INTO snmp_interface_cache VALUES (7146,1,NULL,'lo',NULL,'127.0.0.1',NULL,24,1,1);
INSERT INTO snmp_interface_cache VALUES (7143,1,NULL,'lo',NULL,'127.0.0.1',NULL,24,1,1);
INSERT INTO snmp_interface_cache VALUES (7140,1,NULL,'lo',NULL,'127.0.0.1',NULL,24,1,1);
INSERT INTO snmp_interface_cache VALUES (7137,1,NULL,'lo',NULL,'127.0.0.1',NULL,24,1,1);
INSERT INTO snmp_interface_cache VALUES (7135,1,NULL,'lo',NULL,'127.0.0.1',NULL,24,1,1);
INSERT INTO snmp_interface_cache VALUES (7128,1,NULL,'lo',NULL,'127.0.0.1',NULL,24,1,1);
INSERT INTO snmp_interface_cache VALUES (7129,1,NULL,'lo',NULL,'127.0.0.1',NULL,24,1,1);
INSERT INTO snmp_interface_cache VALUES (7130,1,NULL,'lo',NULL,'127.0.0.1',NULL,24,1,1);
INSERT INTO snmp_interface_cache VALUES (7123,1,NULL,'lo',NULL,'127.0.0.1',NULL,24,1,1);
INSERT INTO snmp_interface_cache VALUES (7118,1,NULL,'lo',NULL,'127.0.0.1',NULL,24,1,1);
INSERT INTO snmp_interface_cache VALUES (7113,1,NULL,'lo',NULL,'127.0.0.1',NULL,24,1,1);
INSERT INTO snmp_interface_cache VALUES (7111,1,NULL,'lo',NULL,'127.0.0.1',NULL,24,1,1);
INSERT INTO snmp_interface_cache VALUES (7107,1,NULL,'lo',NULL,'127.0.0.1',NULL,24,1,1);
INSERT INTO snmp_interface_cache VALUES (7102,1,NULL,'lo',NULL,'127.0.0.1',NULL,24,1,1);
INSERT INTO snmp_interface_cache VALUES (7149,2,NULL,'eth0',NULL,'192.168.1.11','0:40:33:e3:33:9d',6,1,1);
INSERT INTO snmp_interface_cache VALUES (7146,2,NULL,'eth0',NULL,'192.168.1.11','0:40:33:e3:33:9d',6,1,1);
INSERT INTO snmp_interface_cache VALUES (7148,2,NULL,'eth0',NULL,'192.168.1.11','0:40:33:e3:33:9d',6,1,1);
INSERT INTO snmp_interface_cache VALUES (7143,2,NULL,'eth0',NULL,'192.168.1.11','0:40:33:e3:33:9d',6,1,1);
INSERT INTO snmp_interface_cache VALUES (7141,2,NULL,'eth0',NULL,'192.168.1.11','0:40:33:e3:33:9d',6,1,1);
INSERT INTO snmp_interface_cache VALUES (7139,2,NULL,'eth0',NULL,'192.168.1.11','0:40:33:e3:33:9d',6,1,1);
INSERT INTO snmp_interface_cache VALUES (7137,2,NULL,'eth0',NULL,'192.168.1.11','0:40:33:e3:33:9d',6,1,1);
INSERT INTO snmp_interface_cache VALUES (7134,2,NULL,'eth0',NULL,'192.168.1.11','0:40:33:e3:33:9d',6,1,1);
INSERT INTO snmp_interface_cache VALUES (7132,2,NULL,'eth0',NULL,'192.168.1.11','0:40:33:e3:33:9d',6,1,1);
INSERT INTO snmp_interface_cache VALUES (7130,2,NULL,'eth0',NULL,'192.168.1.11','0:40:33:e3:33:9d',6,1,1);
INSERT INTO snmp_interface_cache VALUES (7128,2,NULL,'eth0',NULL,'192.168.1.11','0:40:33:e3:33:9d',6,1,1);
INSERT INTO snmp_interface_cache VALUES (7129,2,NULL,'eth0',NULL,'192.168.1.11','0:40:33:e3:33:9d',6,1,1);
INSERT INTO snmp_interface_cache VALUES (7124,2,NULL,'eth0',NULL,'192.168.1.11','0:40:33:e3:33:9d',6,1,1);
INSERT INTO snmp_interface_cache VALUES (7121,2,NULL,'eth0',NULL,'192.168.1.11','0:40:33:e3:33:9d',6,1,1);
INSERT INTO snmp_interface_cache VALUES (7119,2,NULL,'eth0',NULL,'192.168.1.11','0:40:33:e3:33:9d',6,1,1);
INSERT INTO snmp_interface_cache VALUES (7113,2,NULL,'eth0',NULL,'192.168.1.11','0:40:33:e3:33:9d',6,1,1);
INSERT INTO snmp_interface_cache VALUES (7110,2,NULL,'eth0',NULL,'192.168.1.11','0:40:33:e3:33:9d',6,1,1);
INSERT INTO snmp_interface_cache VALUES (7103,2,NULL,'eth0',NULL,'192.168.1.11','0:40:33:e3:33:9d',6,1,1);
INSERT INTO snmp_interface_cache VALUES (7104,2,NULL,'eth0',NULL,'192.168.1.11','0:40:33:e3:33:9d',6,1,1);
INSERT INTO snmp_interface_cache VALUES (7101,2,NULL,'eth0',NULL,'192.168.1.11','0:40:33:e3:33:9d',6,1,1);
INSERT INTO snmp_interface_cache VALUES (7148,1,NULL,'lo',NULL,'127.0.0.1',NULL,24,1,1);
INSERT INTO snmp_interface_cache VALUES (7144,1,NULL,'lo',NULL,'127.0.0.1',NULL,24,1,1);
INSERT INTO snmp_interface_cache VALUES (7141,1,NULL,'lo',NULL,'127.0.0.1',NULL,24,1,1);
INSERT INTO snmp_interface_cache VALUES (7138,1,NULL,'lo',NULL,'127.0.0.1',NULL,24,1,1);
INSERT INTO snmp_interface_cache VALUES (7134,1,NULL,'lo',NULL,'127.0.0.1',NULL,24,1,1);
INSERT INTO snmp_interface_cache VALUES (7131,1,NULL,'lo',NULL,'127.0.0.1',NULL,24,1,1);
INSERT INTO snmp_interface_cache VALUES (7132,1,NULL,'lo',NULL,'127.0.0.1',NULL,24,1,1);
INSERT INTO snmp_interface_cache VALUES (7124,1,NULL,'lo',NULL,'127.0.0.1',NULL,24,1,1);
INSERT INTO snmp_interface_cache VALUES (7121,1,NULL,'lo',NULL,'127.0.0.1',NULL,24,1,1);
INSERT INTO snmp_interface_cache VALUES (7119,1,NULL,'lo',NULL,'127.0.0.1',NULL,24,1,1);
INSERT INTO snmp_interface_cache VALUES (7116,1,NULL,'lo',NULL,'127.0.0.1',NULL,24,1,1);
INSERT INTO snmp_interface_cache VALUES (7110,1,NULL,'lo',NULL,'127.0.0.1',NULL,24,1,1);
INSERT INTO snmp_interface_cache VALUES (7108,1,NULL,'lo',NULL,'127.0.0.1',NULL,24,1,1);
INSERT INTO snmp_interface_cache VALUES (7103,1,NULL,'lo',NULL,'127.0.0.1',NULL,24,1,1);
INSERT INTO snmp_interface_cache VALUES (7100,1,NULL,'lo',NULL,'127.0.0.1',NULL,24,1,1);
INSERT INTO snmp_interface_cache VALUES (7144,2,NULL,'eth0',NULL,'192.168.1.11','0:40:33:e3:33:9d',6,1,1);
INSERT INTO snmp_interface_cache VALUES (7142,2,NULL,'eth0',NULL,'192.168.1.11','0:40:33:e3:33:9d',6,1,1);
INSERT INTO snmp_interface_cache VALUES (7140,2,NULL,'eth0',NULL,'192.168.1.11','0:40:33:e3:33:9d',6,1,1);
INSERT INTO snmp_interface_cache VALUES (7138,2,NULL,'eth0',NULL,'192.168.1.11','0:40:33:e3:33:9d',6,1,1);
INSERT INTO snmp_interface_cache VALUES (7136,2,NULL,'eth0',NULL,'192.168.1.11','0:40:33:e3:33:9d',6,1,1);
INSERT INTO snmp_interface_cache VALUES (7135,2,NULL,'eth0',NULL,'192.168.1.11','0:40:33:e3:33:9d',6,1,1);
INSERT INTO snmp_interface_cache VALUES (7133,2,NULL,'eth0',NULL,'192.168.1.11','0:40:33:e3:33:9d',6,1,1);
INSERT INTO snmp_interface_cache VALUES (7131,2,NULL,'eth0',NULL,'192.168.1.11','0:40:33:e3:33:9d',6,1,1);
INSERT INTO snmp_interface_cache VALUES (7125,2,NULL,'eth0',NULL,'192.168.1.11','0:40:33:e3:33:9d',6,1,1);
INSERT INTO snmp_interface_cache VALUES (7123,2,NULL,'eth0',NULL,'192.168.1.11','0:40:33:e3:33:9d',6,1,1);
INSERT INTO snmp_interface_cache VALUES (7122,2,NULL,'eth0',NULL,'192.168.1.11','0:40:33:e3:33:9d',6,1,1);
INSERT INTO snmp_interface_cache VALUES (7116,2,NULL,'eth0',NULL,'192.168.1.11','0:40:33:e3:33:9d',6,1,1);
INSERT INTO snmp_interface_cache VALUES (7111,2,NULL,'eth0',NULL,'192.168.1.11','0:40:33:e3:33:9d',6,1,1);
INSERT INTO snmp_interface_cache VALUES (7109,2,NULL,'eth0',NULL,'192.168.1.11','0:40:33:e3:33:9d',6,1,1);
INSERT INTO snmp_interface_cache VALUES (7108,2,NULL,'eth0',NULL,'192.168.1.11','0:40:33:e3:33:9d',6,1,1);
INSERT INTO snmp_interface_cache VALUES (7105,2,NULL,'eth0',NULL,'192.168.1.11','0:40:33:e3:33:9d',6,1,1);
INSERT INTO snmp_interface_cache VALUES (7102,2,NULL,'eth0',NULL,'192.168.1.11','0:40:33:e3:33:9d',6,1,1);
INSERT INTO snmp_interface_cache VALUES (7147,1,NULL,'lo',NULL,'127.0.0.1',NULL,24,1,1);
INSERT INTO snmp_interface_cache VALUES (7145,1,NULL,'lo',NULL,'127.0.0.1',NULL,24,1,1);
INSERT INTO snmp_interface_cache VALUES (7142,1,NULL,'lo',NULL,'127.0.0.1',NULL,24,1,1);
INSERT INTO snmp_interface_cache VALUES (7139,1,NULL,'lo',NULL,'127.0.0.1',NULL,24,1,1);
INSERT INTO snmp_interface_cache VALUES (7136,1,NULL,'lo',NULL,'127.0.0.1',NULL,24,1,1);
INSERT INTO snmp_interface_cache VALUES (7133,1,NULL,'lo',NULL,'127.0.0.1',NULL,24,1,1);
INSERT INTO snmp_interface_cache VALUES (7125,1,NULL,'lo',NULL,'127.0.0.1',NULL,24,1,1);
INSERT INTO snmp_interface_cache VALUES (7126,1,NULL,'lo',NULL,'127.0.0.1',NULL,24,1,1);
INSERT INTO snmp_interface_cache VALUES (7127,1,NULL,'lo',NULL,'127.0.0.1',NULL,24,1,1);
INSERT INTO snmp_interface_cache VALUES (7122,1,NULL,'lo',NULL,'127.0.0.1',NULL,24,1,1);
INSERT INTO snmp_interface_cache VALUES (7120,1,NULL,'lo',NULL,'127.0.0.1',NULL,24,1,1);
INSERT INTO snmp_interface_cache VALUES (7117,1,NULL,'lo',NULL,'127.0.0.1',NULL,24,1,1);
INSERT INTO snmp_interface_cache VALUES (7115,1,NULL,'lo',NULL,'127.0.0.1',NULL,24,1,1);
INSERT INTO snmp_interface_cache VALUES (7112,1,NULL,'lo',NULL,'127.0.0.1',NULL,24,1,1);
INSERT INTO snmp_interface_cache VALUES (7114,1,NULL,'lo',NULL,'127.0.0.1',NULL,24,1,1);
INSERT INTO snmp_interface_cache VALUES (7106,1,NULL,'lo',NULL,'127.0.0.1',NULL,24,1,1);
INSERT INTO snmp_interface_cache VALUES (7105,1,NULL,'lo',NULL,'127.0.0.1',NULL,24,1,1);
INSERT INTO snmp_interface_cache VALUES (7104,1,NULL,'lo',NULL,'127.0.0.1',NULL,24,1,1);
INSERT INTO snmp_interface_cache VALUES (7101,1,NULL,'lo',NULL,'127.0.0.1',NULL,24,1,1);
INSERT INTO snmp_interface_cache VALUES (7109,1,NULL,'lo',NULL,'127.0.0.1',NULL,24,1,1);
INSERT INTO snmp_interface_cache VALUES (7147,2,NULL,'eth0',NULL,'192.168.1.11','0:40:33:e3:33:9d',6,1,1);
INSERT INTO snmp_interface_cache VALUES (7145,2,NULL,'eth0',NULL,'192.168.1.11','0:40:33:e3:33:9d',6,1,1);
INSERT INTO snmp_interface_cache VALUES (7126,2,NULL,'eth0',NULL,'192.168.1.11','0:40:33:e3:33:9d',6,1,1);
INSERT INTO snmp_interface_cache VALUES (7127,2,NULL,'eth0',NULL,'192.168.1.11','0:40:33:e3:33:9d',6,1,1);
INSERT INTO snmp_interface_cache VALUES (7118,2,NULL,'eth0',NULL,'192.168.1.11','0:40:33:e3:33:9d',6,1,1);
INSERT INTO snmp_interface_cache VALUES (7120,2,NULL,'eth0',NULL,'192.168.1.11','0:40:33:e3:33:9d',6,1,1);
INSERT INTO snmp_interface_cache VALUES (7117,2,NULL,'eth0',NULL,'192.168.1.11','0:40:33:e3:33:9d',6,1,1);
INSERT INTO snmp_interface_cache VALUES (7112,2,NULL,'eth0',NULL,'192.168.1.11','0:40:33:e3:33:9d',6,1,1);
INSERT INTO snmp_interface_cache VALUES (7114,2,NULL,'eth0',NULL,'192.168.1.11','0:40:33:e3:33:9d',6,1,1);
INSERT INTO snmp_interface_cache VALUES (7115,2,NULL,'eth0',NULL,'192.168.1.11','0:40:33:e3:33:9d',6,1,1);
INSERT INTO snmp_interface_cache VALUES (7107,2,NULL,'eth0',NULL,'192.168.1.11','0:40:33:e3:33:9d',6,1,1);
INSERT INTO snmp_interface_cache VALUES (7106,2,NULL,'eth0',NULL,'192.168.1.11','0:40:33:e3:33:9d',6,1,1);
INSERT INTO snmp_interface_cache VALUES (7100,2,NULL,'eth0',NULL,'192.168.1.11','0:40:33:e3:33:9d',6,1,1);
INSERT INTO snmp_interface_cache VALUES (1,3,NULL,'ppp0',NULL,'66.59.96.86',NULL,23,1,1);

--
-- Table structure for table 'sub_dev_variables'
--

CREATE TABLE sub_dev_variables (
  sub_dev_id int(11) NOT NULL default '0',
  name varchar(50) NOT NULL default '',
  value varchar(50) NOT NULL default '',
  KEY sub_dev_id (sub_dev_id,name)
) TYPE=MyISAM;

--
-- Dumping data for table 'sub_dev_variables'
--


INSERT INTO sub_dev_variables VALUES (5,'ifDescr','eth0');
INSERT INTO sub_dev_variables VALUES (3,'ifDescr','eth0');
INSERT INTO sub_dev_variables VALUES (4,'ifDescr','ppp0');
INSERT INTO sub_dev_variables VALUES (7,'dskPath','/');
INSERT INTO sub_dev_variables VALUES (8,'dskPath','/storage');
INSERT INTO sub_dev_variables VALUES (7000,'ifDescr','eth0');
INSERT INTO sub_dev_variables VALUES (7001,'ifDescr','eth0');
INSERT INTO sub_dev_variables VALUES (7002,'ifDescr','eth0');
INSERT INTO sub_dev_variables VALUES (7003,'ifDescr','eth0');
INSERT INTO sub_dev_variables VALUES (7004,'ifDescr','eth0');
INSERT INTO sub_dev_variables VALUES (7005,'ifDescr','eth0');
INSERT INTO sub_dev_variables VALUES (7006,'ifDescr','eth0');
INSERT INTO sub_dev_variables VALUES (7007,'ifDescr','eth0');
INSERT INTO sub_dev_variables VALUES (7008,'ifDescr','eth0');
INSERT INTO sub_dev_variables VALUES (7009,'ifDescr','eth0');
INSERT INTO sub_dev_variables VALUES (7010,'ifDescr','eth0');
INSERT INTO sub_dev_variables VALUES (7011,'ifDescr','eth0');
INSERT INTO sub_dev_variables VALUES (7012,'ifDescr','eth0');
INSERT INTO sub_dev_variables VALUES (7013,'ifDescr','eth0');
INSERT INTO sub_dev_variables VALUES (7014,'ifDescr','eth0');
INSERT INTO sub_dev_variables VALUES (7015,'ifDescr','eth0');
INSERT INTO sub_dev_variables VALUES (7016,'ifDescr','eth0');
INSERT INTO sub_dev_variables VALUES (7017,'ifDescr','eth0');
INSERT INTO sub_dev_variables VALUES (7018,'ifDescr','eth0');
INSERT INTO sub_dev_variables VALUES (7019,'ifDescr','eth0');
INSERT INTO sub_dev_variables VALUES (7020,'ifDescr','eth0');
INSERT INTO sub_dev_variables VALUES (7021,'ifDescr','eth0');
INSERT INTO sub_dev_variables VALUES (7022,'ifDescr','eth0');
INSERT INTO sub_dev_variables VALUES (7023,'ifDescr','eth0');
INSERT INTO sub_dev_variables VALUES (7024,'ifDescr','eth0');
INSERT INTO sub_dev_variables VALUES (7025,'ifDescr','eth0');
INSERT INTO sub_dev_variables VALUES (7026,'ifDescr','eth0');
INSERT INTO sub_dev_variables VALUES (7027,'ifDescr','eth0');
INSERT INTO sub_dev_variables VALUES (7028,'ifDescr','eth0');
INSERT INTO sub_dev_variables VALUES (7029,'ifDescr','eth0');
INSERT INTO sub_dev_variables VALUES (7030,'ifDescr','eth0');
INSERT INTO sub_dev_variables VALUES (7031,'ifDescr','eth0');
INSERT INTO sub_dev_variables VALUES (7032,'ifDescr','eth0');
INSERT INTO sub_dev_variables VALUES (7033,'ifDescr','eth0');
INSERT INTO sub_dev_variables VALUES (7034,'ifDescr','eth0');
INSERT INTO sub_dev_variables VALUES (7035,'ifDescr','eth0');
INSERT INTO sub_dev_variables VALUES (7036,'ifDescr','eth0');
INSERT INTO sub_dev_variables VALUES (7037,'ifDescr','eth0');
INSERT INTO sub_dev_variables VALUES (7038,'ifDescr','eth0');
INSERT INTO sub_dev_variables VALUES (7039,'ifDescr','eth0');
INSERT INTO sub_dev_variables VALUES (7040,'ifDescr','eth0');
INSERT INTO sub_dev_variables VALUES (7041,'ifDescr','eth0');
INSERT INTO sub_dev_variables VALUES (7042,'ifDescr','eth0');
INSERT INTO sub_dev_variables VALUES (7043,'ifDescr','eth0');
INSERT INTO sub_dev_variables VALUES (7044,'ifDescr','eth0');
INSERT INTO sub_dev_variables VALUES (7045,'ifDescr','eth0');
INSERT INTO sub_dev_variables VALUES (7046,'ifDescr','eth0');
INSERT INTO sub_dev_variables VALUES (7047,'ifDescr','eth0');
INSERT INTO sub_dev_variables VALUES (7048,'ifDescr','eth0');
INSERT INTO sub_dev_variables VALUES (7049,'ifDescr','eth0');
INSERT INTO sub_dev_variables VALUES (7050,'ifDescr','eth0');
INSERT INTO sub_dev_variables VALUES (7051,'ifDescr','eth0');
INSERT INTO sub_dev_variables VALUES (7052,'ifDescr','eth0');
INSERT INTO sub_dev_variables VALUES (7053,'ifDescr','eth0');
INSERT INTO sub_dev_variables VALUES (7054,'ifDescr','eth0');
INSERT INTO sub_dev_variables VALUES (7055,'ifDescr','eth0');
INSERT INTO sub_dev_variables VALUES (7056,'ifDescr','eth0');
INSERT INTO sub_dev_variables VALUES (7057,'ifDescr','eth0');
INSERT INTO sub_dev_variables VALUES (7058,'ifDescr','eth0');
INSERT INTO sub_dev_variables VALUES (7059,'ifDescr','eth0');
INSERT INTO sub_dev_variables VALUES (7060,'ifDescr','eth0');
INSERT INTO sub_dev_variables VALUES (7061,'ifDescr','eth0');
INSERT INTO sub_dev_variables VALUES (7062,'ifDescr','eth0');
INSERT INTO sub_dev_variables VALUES (7063,'ifDescr','eth0');
INSERT INTO sub_dev_variables VALUES (7064,'ifDescr','eth0');
INSERT INTO sub_dev_variables VALUES (7065,'ifDescr','eth0');
INSERT INTO sub_dev_variables VALUES (7066,'ifDescr','eth0');
INSERT INTO sub_dev_variables VALUES (7067,'ifDescr','eth0');
INSERT INTO sub_dev_variables VALUES (7068,'ifDescr','eth0');
INSERT INTO sub_dev_variables VALUES (7069,'ifDescr','eth0');
INSERT INTO sub_dev_variables VALUES (7070,'ifDescr','eth0');
INSERT INTO sub_dev_variables VALUES (7071,'ifDescr','eth0');
INSERT INTO sub_dev_variables VALUES (7072,'ifDescr','eth0');
INSERT INTO sub_dev_variables VALUES (7073,'ifDescr','eth0');
INSERT INTO sub_dev_variables VALUES (7074,'ifDescr','eth0');
INSERT INTO sub_dev_variables VALUES (7075,'ifDescr','eth0');
INSERT INTO sub_dev_variables VALUES (7076,'ifDescr','eth0');
INSERT INTO sub_dev_variables VALUES (7077,'ifDescr','eth0');
INSERT INTO sub_dev_variables VALUES (7078,'ifDescr','eth0');
INSERT INTO sub_dev_variables VALUES (7079,'ifDescr','eth0');
INSERT INTO sub_dev_variables VALUES (7080,'ifDescr','eth0');
INSERT INTO sub_dev_variables VALUES (7081,'ifDescr','eth0');
INSERT INTO sub_dev_variables VALUES (7082,'ifDescr','eth0');
INSERT INTO sub_dev_variables VALUES (7083,'ifDescr','eth0');
INSERT INTO sub_dev_variables VALUES (7084,'ifDescr','eth0');
INSERT INTO sub_dev_variables VALUES (7085,'ifDescr','eth0');
INSERT INTO sub_dev_variables VALUES (7086,'ifDescr','eth0');
INSERT INTO sub_dev_variables VALUES (7087,'ifDescr','eth0');
INSERT INTO sub_dev_variables VALUES (7088,'ifDescr','eth0');
INSERT INTO sub_dev_variables VALUES (7089,'ifDescr','eth0');
INSERT INTO sub_dev_variables VALUES (7090,'ifDescr','eth0');
INSERT INTO sub_dev_variables VALUES (7091,'ifDescr','eth0');
INSERT INTO sub_dev_variables VALUES (7092,'ifDescr','eth0');
INSERT INTO sub_dev_variables VALUES (7093,'ifDescr','eth0');
INSERT INTO sub_dev_variables VALUES (7094,'ifDescr','eth0');
INSERT INTO sub_dev_variables VALUES (7095,'ifDescr','eth0');
INSERT INTO sub_dev_variables VALUES (7096,'ifDescr','eth0');
INSERT INTO sub_dev_variables VALUES (7097,'ifDescr','eth0');
INSERT INTO sub_dev_variables VALUES (7098,'ifDescr','eth0');
INSERT INTO sub_dev_variables VALUES (7099,'ifDescr','eth0');
INSERT INTO sub_dev_variables VALUES (7100,'ifDescr','eth0');
INSERT INTO sub_dev_variables VALUES (7101,'ifDescr','eth0');
INSERT INTO sub_dev_variables VALUES (7102,'ifDescr','eth0');
INSERT INTO sub_dev_variables VALUES (7103,'ifDescr','eth0');
INSERT INTO sub_dev_variables VALUES (7104,'ifDescr','eth0');
INSERT INTO sub_dev_variables VALUES (7105,'ifDescr','eth0');
INSERT INTO sub_dev_variables VALUES (7106,'ifDescr','eth0');
INSERT INTO sub_dev_variables VALUES (7107,'ifDescr','eth0');
INSERT INTO sub_dev_variables VALUES (7108,'ifDescr','eth0');
INSERT INTO sub_dev_variables VALUES (7109,'ifDescr','eth0');
INSERT INTO sub_dev_variables VALUES (7110,'ifDescr','eth0');
INSERT INTO sub_dev_variables VALUES (7111,'ifDescr','eth0');
INSERT INTO sub_dev_variables VALUES (7112,'ifDescr','eth0');
INSERT INTO sub_dev_variables VALUES (7113,'ifDescr','eth0');
INSERT INTO sub_dev_variables VALUES (7114,'ifDescr','eth0');
INSERT INTO sub_dev_variables VALUES (7115,'ifDescr','eth0');
INSERT INTO sub_dev_variables VALUES (7116,'ifDescr','eth0');
INSERT INTO sub_dev_variables VALUES (7117,'ifDescr','eth0');
INSERT INTO sub_dev_variables VALUES (7118,'ifDescr','eth0');
INSERT INTO sub_dev_variables VALUES (7119,'ifDescr','eth0');
INSERT INTO sub_dev_variables VALUES (7120,'ifDescr','eth0');
INSERT INTO sub_dev_variables VALUES (7121,'ifDescr','eth0');
INSERT INTO sub_dev_variables VALUES (7122,'ifDescr','eth0');
INSERT INTO sub_dev_variables VALUES (7123,'ifDescr','eth0');
INSERT INTO sub_dev_variables VALUES (7124,'ifDescr','eth0');
INSERT INTO sub_dev_variables VALUES (7125,'ifDescr','eth0');
INSERT INTO sub_dev_variables VALUES (7126,'ifDescr','eth0');
INSERT INTO sub_dev_variables VALUES (7127,'ifDescr','eth0');
INSERT INTO sub_dev_variables VALUES (7128,'ifDescr','eth0');
INSERT INTO sub_dev_variables VALUES (7129,'ifDescr','eth0');
INSERT INTO sub_dev_variables VALUES (7130,'ifDescr','eth0');
INSERT INTO sub_dev_variables VALUES (7131,'ifDescr','eth0');
INSERT INTO sub_dev_variables VALUES (7132,'ifDescr','eth0');
INSERT INTO sub_dev_variables VALUES (7133,'ifDescr','eth0');
INSERT INTO sub_dev_variables VALUES (7134,'ifDescr','eth0');
INSERT INTO sub_dev_variables VALUES (7135,'ifDescr','eth0');
INSERT INTO sub_dev_variables VALUES (7136,'ifDescr','eth0');
INSERT INTO sub_dev_variables VALUES (7137,'ifDescr','eth0');
INSERT INTO sub_dev_variables VALUES (7138,'ifDescr','eth0');
INSERT INTO sub_dev_variables VALUES (7139,'ifDescr','eth0');
INSERT INTO sub_dev_variables VALUES (7140,'ifDescr','eth0');
INSERT INTO sub_dev_variables VALUES (7141,'ifDescr','eth0');
INSERT INTO sub_dev_variables VALUES (7142,'ifDescr','eth0');
INSERT INTO sub_dev_variables VALUES (7143,'ifDescr','eth0');
INSERT INTO sub_dev_variables VALUES (7144,'ifDescr','eth0');
INSERT INTO sub_dev_variables VALUES (7145,'ifDescr','eth0');
INSERT INTO sub_dev_variables VALUES (7146,'ifDescr','eth0');
INSERT INTO sub_dev_variables VALUES (7147,'ifDescr','eth0');
INSERT INTO sub_dev_variables VALUES (7148,'ifDescr','eth0');
INSERT INTO sub_dev_variables VALUES (7149,'ifDescr','eth0');

--
-- Table structure for table 'sub_devices'
--

CREATE TABLE sub_devices (
  id int(11) NOT NULL auto_increment,
  dev_id int(11) NOT NULL default '0',
  type int(11) NOT NULL default '0',
  name varchar(80) default NULL,
  status smallint(6) NOT NULL default '0',
  PRIMARY KEY  (id),
  UNIQUE KEY id (id),
  KEY id_2 (id,dev_id,type)
) TYPE=MyISAM;

--
-- Dumping data for table 'sub_devices'
--


INSERT INTO sub_devices VALUES (1,1,1,'System',2);
INSERT INTO sub_devices VALUES (2,2,1,'System',2);
INSERT INTO sub_devices VALUES (3,1,2,'Eth0',0);
INSERT INTO sub_devices VALUES (4,1,2,'PPP0',0);
INSERT INTO sub_devices VALUES (5,2,2,'Eth0',0);
INSERT INTO sub_devices VALUES (6,3,1,'System',0);
INSERT INTO sub_devices VALUES (7,1,3,'Root',0);
INSERT INTO sub_devices VALUES (8,1,3,'Storage',0);

--
-- Table structure for table 'tests_internal'
--

CREATE TABLE tests_internal (
  id tinyint(4) NOT NULL auto_increment,
  name varchar(50) NOT NULL default '',
  PRIMARY KEY  (id),
  UNIQUE KEY id (id),
  KEY id_2 (id)
) TYPE=MyISAM;

--
-- Dumping data for table 'tests_internal'
--


INSERT INTO tests_internal VALUES (1,'Count Lines in File');

--
-- Table structure for table 'tests_script'
--

CREATE TABLE tests_script (
  id int(11) NOT NULL auto_increment,
  name varchar(50) NOT NULL default '',
  cmd varchar(200) NOT NULL default '',
  data_type int(11) NOT NULL default '0',
  dev_type int(11) NOT NULL default '0',
  priority tinyint(4) NOT NULL default '0',
  PRIMARY KEY  (id),
  UNIQUE KEY id_2 (id),
  KEY id (id)
) TYPE=MyISAM;

--
-- Dumping data for table 'tests_script'
--


INSERT INTO tests_script VALUES (9,'Custom','',2,0,0);
INSERT INTO tests_script VALUES (23,'PM3 Modems Online (new)','/var/www/netmrg/cmd/test/pm3modems_new.pl %ip',2,3,0);
INSERT INTO tests_script VALUES (25,'Mail Stats','/var/www/netmrg/cmd/test/maillogstat.php',2,2,0);
INSERT INTO tests_script VALUES (26,'NetMRG Stats','/var/www/netmrg/cmd/test/netmrg_stats.php',2,2,0);
INSERT INTO tests_script VALUES (27,'Ping Latency','/var/www/netmrg/cmd/test/ping_time.pl %ip',2,2,0);
INSERT INTO tests_script VALUES (28,'Ferrups','/var/www/netmrg/cmd/test/ferrups.pl',2,2,0);
INSERT INTO tests_script VALUES (29,'TNT - Good Modems (aka avail-suspect)','/var/www/netmrg/cmd/test/snmpdiff.php %ip %community .1.3.6.1.4.1.529.15.1.0 .1.3.6.1.4.1.529.15.3.0',2,4,0);

--
-- Table structure for table 'tests_snmp'
--

CREATE TABLE tests_snmp (
  id int(11) NOT NULL auto_increment,
  name varchar(200) NOT NULL default '',
  oid varchar(250) NOT NULL default '',
  dev_type int(11) NOT NULL default '0',
  PRIMARY KEY  (id),
  UNIQUE KEY id (id),
  KEY id_2 (id)
) TYPE=MyISAM;

--
-- Dumping data for table 'tests_snmp'
--


INSERT INTO tests_snmp VALUES (1,'TNT - Modems Online','.1.3.6.1.4.1.529.10.6.0',8);
INSERT INTO tests_snmp VALUES (2,'Host - System Processes','.1.3.6.1.2.1.25.1.6.0',8);
INSERT INTO tests_snmp VALUES (3,'Host - Logged in Users','.1.3.6.1.2.1.25.1.5.0',8);
INSERT INTO tests_snmp VALUES (4,'Cisco - CPU Utilization','.1.3.6.1.4.1.9.2.1.58.0',8);
INSERT INTO tests_snmp VALUES (5,'UCD - CPU Percent User','enterprises.ucdavis.systemStats.ssCpuRawUser.0',8);
INSERT INTO tests_snmp VALUES (6,'UCD - CPU Percent Idle','enterprises.ucdavis.systemStats.ssCpuRawIdle.0',8);
INSERT INTO tests_snmp VALUES (7,'UCD - CPU Percent System','enterprises.ucdavis.systemStats.ssCpuRawSystem.0',8);
INSERT INTO tests_snmp VALUES (8,'UCD - CPU Percent Nice','enterprises.ucdavis.systemStats.ssCpuRawNice.0',8);
INSERT INTO tests_snmp VALUES (9,'UCD - Load Average - 1 min','laLoad.1',8);
INSERT INTO tests_snmp VALUES (10,'UCD - Load Average - 5 min','laLoad.2',2);
INSERT INTO tests_snmp VALUES (11,'UCD - Load Average - 15 min','laLoad.3',2);
INSERT INTO tests_snmp VALUES (12,'UCD - Available Swap','memAvailSwap.0',2);
INSERT INTO tests_snmp VALUES (13,'UCD - Available Physical RAM','memAvailReal.0',2);
INSERT INTO tests_snmp VALUES (19,'C5k - % Bandwidth','.1.3.6.1.4.1.9.5.1.1.8.0',2);
INSERT INTO tests_snmp VALUES (18,'Open TCP Connections','tcp.tcpCurrEstab.0',2);
INSERT INTO tests_snmp VALUES (21,'C7k Free Memory (Processor)','.1.3.6.1.4.1.9.9.48.1.1.1.6.1',2);
INSERT INTO tests_snmp VALUES (22,'C7k Free Memory (Fast)','.1.3.6.1.4.1.9.9.48.1.1.1.6.5',2);
INSERT INTO tests_snmp VALUES (23,'C7k Used Memory (Fast)','.1.3.6.1.4.1.9.9.48.1.1.1.5.5',2);
INSERT INTO tests_snmp VALUES (24,'UCD - Executable 1','enterprises.ucdavis.extTable.extEntry.extOutput.1',2);
INSERT INTO tests_snmp VALUES (25,'DNS - A Records','enterprises.ucdavis.extTable.extEntry.extOutput.1',2);
INSERT INTO tests_snmp VALUES (26,'DNS - PTR Records','enterprises.ucdavis.extTable.extEntry.extOutput.2',2);
INSERT INTO tests_snmp VALUES (27,'DNS - MX Records','enterprises.ucdavis.extTable.extEntry.extOutput.3',2);
INSERT INTO tests_snmp VALUES (28,'DNS - CNAME Records','enterprises.ucdavis.extTable.extEntry.extOutput.4',2);
INSERT INTO tests_snmp VALUES (29,'DNS - ANY Records','enterprises.ucdavis.extTable.extEntry.extOutput.5',2);
INSERT INTO tests_snmp VALUES (30,'Cisco - RSP - Inlet Temperature (C)','enterprises.9.9.13.1.3.1.3.1',5);
INSERT INTO tests_snmp VALUES (31,'Cisco - RSP - Hotpoint Temperature (C)','enterprises.9.9.13.1.3.1.3.2',5);
INSERT INTO tests_snmp VALUES (32,'Cisco - RSP - Exhaust Temperature (C)','enterprises.9.9.13.1.3.1.3.3',5);
INSERT INTO tests_snmp VALUES (33,'TNT - Dead Modems','.1.3.6.1.4.1.529.15.7.0',4);
INSERT INTO tests_snmp VALUES (34,'TNT - Disabled Modems','.1.3.6.1.4.1.529.15.5.0',4);
INSERT INTO tests_snmp VALUES (35,'TNT - Suspect Modems','.1.3.6.1.4.1.529.15.3.0',4);
INSERT INTO tests_snmp VALUES (36,'TNT - Available Modems','.1.3.6.1.4.1.529.15.1.0',4);
INSERT INTO tests_snmp VALUES (37,'TNT - Busy Modems','.1.3.6.1.4.1.529.15.9.0',4);
INSERT INTO tests_snmp VALUES (38,'Interfaces - Bytes Out','ifOutOctets.%ifIndex%',8);
INSERT INTO tests_snmp VALUES (39,'Interfaces - Bytes In','ifInOctets.%ifIndex%',8);
INSERT INTO tests_snmp VALUES (40,'Interfaces - Errors In','ifInErrors.%ifIndex%',8);
INSERT INTO tests_snmp VALUES (41,'TNT - Connected DS0s','.1.3.6.1.4.1.529.4.21.1.7.%ifIndex%',8);
INSERT INTO tests_snmp VALUES (42,'Disk - Size (kB)','dskTotal.%dskIndex%',8);
INSERT INTO tests_snmp VALUES (43,'Disk - Available (kB)','dskAvail.%dskIndex%',8);
INSERT INTO tests_snmp VALUES (44,'Disk - Used (kB)','dskUsed.%dskIndex%',8);
INSERT INTO tests_snmp VALUES (45,'Disk - Percent Used','dskPercent.%dskIndex%',8);
INSERT INTO tests_snmp VALUES (46,'Disk - Percent Node Usage','dskPercentNode.%dskIndex%',8);

--
-- Table structure for table 'tests_sql'
--

CREATE TABLE tests_sql (
  id int(11) NOT NULL auto_increment,
  name varchar(100) NOT NULL default '',
  sub_dev_type int(11) NOT NULL default '0',
  host varchar(50) NOT NULL default '',
  user varchar(50) NOT NULL default '',
  password varchar(50) NOT NULL default '',
  query varchar(255) NOT NULL default '',
  column_num tinyint(4) NOT NULL default '0',
  PRIMARY KEY  (id),
  UNIQUE KEY id (id),
  KEY id_2 (id,sub_dev_type)
) TYPE=MyISAM;

--
-- Dumping data for table 'tests_sql'
--


INSERT INTO tests_sql VALUES (1,'MySQL Questions',8,'localhost','root','sqlroot','show status like \"Questions\"',1);
INSERT INTO tests_sql VALUES (3,'NetMRG - Active Script Monitors',8,'localhost','netmrgread','netmrgread','select count(*) from netmrg.monitors, netmrg.sub_devices, netmrg.mon_devices where monitors.sub_dev_id=sub_devices.id and sub_devices.dev_id=mon_devices.id and mon_devices.disabled = 0 and monitors.test_type=1',0);
INSERT INTO tests_sql VALUES (4,'NetMRG - Active SNMP Monitors',8,'localhost','netmrgread','netmrgread',' select count(*) from netmrg.monitors, netmrg.sub_devices, netmrg.mon_devices where monitors.sub_dev_id=sub_devices.id and sub_devices.dev_id=mon_devices.id and mon_devices.disabled = 0 and monitors.test_type=2',0);
INSERT INTO tests_sql VALUES (5,'NetMRG - Active SQL Monitors',8,'localhost','netmrgread','netmrgread','select count(*) from netmrg.monitors, netmrg.sub_devices, netmrg.mon_devices where monitors.sub_dev_id=sub_devices.id and sub_devices.dev_id=mon_devices.id and mon_devices.disabled = 0 and monitors.test_type=3',0);
INSERT INTO tests_sql VALUES (6,'NetMRG - Active Internal Monitors',8,'localhost','netmrgread','netmrgread','select count(*) from netmrg.monitors, netmrg.sub_devices, netmrg.mon_devices where monitors.sub_dev_id=sub_devices.id and sub_devices.dev_id=mon_devices.id and mon_devices.disabled = 0 and monitors.test_type=4',0);

--
-- Table structure for table 'user'
--

CREATE TABLE user (
  id int(11) NOT NULL auto_increment,
  user varchar(50) NOT NULL default '',
  pass varchar(50) NOT NULL default '',
  permit tinyint(4) NOT NULL default '0',
  view_type int(11) NOT NULL default '0',
  view_id int(11) NOT NULL default '0',
  fullname varchar(200) default NULL,
  PRIMARY KEY  (id),
  UNIQUE KEY id (id,user),
  KEY id_2 (id)
) TYPE=MyISAM;

--
-- Dumping data for table 'user'
--


INSERT INTO user VALUES (2,'balleman','beKi9Eg9j5jvY',3,1,1,'Brady Alleman');
INSERT INTO user VALUES (29,'admin','21OZ4/WxREgV.',3,0,19,'Administrator');

--
-- Table structure for table 'view'
--

CREATE TABLE view (
  pos_id int(11) NOT NULL default '0',
  pos_id_type tinyint(4) NOT NULL default '0',
  graph_id int(11) NOT NULL default '0',
  graph_id_type varchar(20) NOT NULL default '',
  pos tinyint(4) NOT NULL default '0',
  separator_text varchar(250) NOT NULL default '',
  separator_color varchar(10) NOT NULL default '0000A0',
  KEY pos_id (pos_id),
  KEY pos_id_type (pos_id_type)
) TYPE=MyISAM;

--
-- Dumping data for table 'view'
--


INSERT INTO view VALUES (1,1,1,'custom',1,'','0000A0');
INSERT INTO view VALUES (2,1,2,'custom',0,'','0000A0');
INSERT INTO view VALUES (1,1,3,'custom',2,'','0000A0');
INSERT INTO view VALUES (2,1,4,'custom',0,'','0000A0');
INSERT INTO view VALUES (1,1,5,'custom',3,'','0000A0');
INSERT INTO view VALUES (3,1,6,'custom',0,'','0000A0');

