-- MySQL dump 8.21
--
-- Host: localhost    Database: netmrg
---------------------------------------------------------
-- Server version	3.23.49

--
-- Table structure for table 'data_types'
--

CREATE TABLE data_types (
  id tinyint(4) NOT NULL auto_increment,
  rrd_type varchar(50) NOT NULL default '',
  name varchar(50) NOT NULL default '',
  PRIMARY KEY  (id),
  UNIQUE KEY id (id),
  KEY id_2 (id)
) TYPE=MyISAM;

--
-- Dumping data for table 'data_types'
--


INSERT INTO data_types VALUES (1,'GAUGE','Gauge');
INSERT INTO data_types VALUES (2,'COUNTER','Counter');
INSERT INTO data_types VALUES (3,'DERIVE','Derive (a counter without overflow protection)');
INSERT INTO data_types VALUES (4,'ABSOLUTE','Absolute (a counter reset when read)');
INSERT INTO data_types VALUES (-1,'','Not Graphed');

--
-- Table structure for table 'dev_parents'
--

CREATE TABLE dev_parents (
  grp_id int(11) NOT NULL default '0',
  dev_id int(11) NOT NULL default '0',
  KEY grp_id (grp_id,dev_id)
) TYPE=MyISAM;

--
-- Dumping data for table 'dev_parents'
--


INSERT INTO dev_parents VALUES (2,1);
INSERT INTO dev_parents VALUES (2,2);
INSERT INTO dev_parents VALUES (2,3);

--
-- Table structure for table 'event_log'
--

CREATE TABLE event_log (
  id bigint(20) NOT NULL auto_increment,
  dev_name varchar(250) NOT NULL default '',
  date bigint(14) default NULL,
  situation tinyint(4) NOT NULL default '0',
  event_text varchar(250) NOT NULL default '',
  since_last_change bigint(20) NOT NULL default '0',
  PRIMARY KEY  (id),
  UNIQUE KEY id (id),
  KEY id_2 (id)
) TYPE=MyISAM;

--
-- Dumping data for table 'event_log'
--



--
-- Table structure for table 'graph_ds'
--

CREATE TABLE graph_ds (
  id int(11) NOT NULL auto_increment,
  src_type int(11) NOT NULL default '0',
  src_id int(11) NOT NULL default '0',
  color varchar(10) NOT NULL default '',
  type int(11) NOT NULL default '0',
  graph_id int(11) NOT NULL default '0',
  label varchar(100) NOT NULL default '',
  align int(11) NOT NULL default '1',
  show_stats tinyint(4) NOT NULL default '1',
  show_indicator tinyint(4) NOT NULL default '0',
  hrule_value varchar(15) NOT NULL default '0',
  hrule_color varchar(7) NOT NULL default '#FF0000',
  hrule_label varchar(200) NOT NULL default '',
  show_inverted tinyint(4) NOT NULL default '0',
  position int(11) NOT NULL default '0',
  alt_graph_id int(11) NOT NULL default '0',
  use_alt tinyint(4) NOT NULL default '0',
  multiplier int(11) default NULL,
  PRIMARY KEY  (id),
  UNIQUE KEY id (id),
  KEY id_2 (id),
  KEY graph_id (graph_id)
) TYPE=MyISAM;

--
-- Dumping data for table 'graph_ds'
--


INSERT INTO graph_ds VALUES (1,0,4,'#993300',4,1,'System',1,1,0,'','','',0,0,1,0,1);
INSERT INTO graph_ds VALUES (2,0,5,'#3333CC',5,1,'User',1,1,0,'','','',0,0,1,0,1);
INSERT INTO graph_ds VALUES (3,0,6,'#336600',5,1,'Nice',1,1,0,'','','',0,0,1,0,1);
INSERT INTO graph_ds VALUES (4,0,11,'#993300',4,2,'System',1,1,0,'','','',0,0,1,0,1);
INSERT INTO graph_ds VALUES (5,0,12,'#3333CC',5,2,'User',1,1,0,'','','',0,0,1,0,1);
INSERT INTO graph_ds VALUES (6,0,13,'#336600',5,2,'Nice',1,1,0,'','','',0,0,1,0,1);
INSERT INTO graph_ds VALUES (7,0,17,'#009933',4,3,'Inbound',1,1,0,'','','',0,0,1,0,1);
INSERT INTO graph_ds VALUES (8,0,18,'#3333FF',2,3,'Outbound',1,1,0,'','','',0,0,1,0,1);
INSERT INTO graph_ds VALUES (9,0,21,'#009933',4,4,'Inbound',1,1,0,'','','',0,0,1,0,1);
INSERT INTO graph_ds VALUES (10,0,22,'#3333FF',2,4,'Outbound',1,1,0,'','','',0,0,1,0,1);
INSERT INTO graph_ds VALUES (11,0,23,'#009933',4,5,'Inbound',1,1,0,'','','',0,0,1,0,1);
INSERT INTO graph_ds VALUES (12,0,24,'#3333FF',2,5,'Outbound',1,1,0,'','','',0,0,1,0,1);
INSERT INTO graph_ds VALUES (13,0,25,'#CC3300',4,6,'Script',1,1,0,'','','',0,0,6,0,1);
INSERT INTO graph_ds VALUES (14,0,26,'#33CC00',5,6,'SNMP',1,1,0,'','','',0,0,6,0,1);
INSERT INTO graph_ds VALUES (15,0,27,'#6666FF',5,6,'SQL',1,1,0,'','','',0,0,6,0,1);

--
-- Table structure for table 'graph_st'
--

CREATE TABLE graph_st (
  id int(11) NOT NULL auto_increment,
  name varchar(50) NOT NULL default '',
  PRIMARY KEY  (id),
  UNIQUE KEY id (id),
  KEY id_2 (id)
) TYPE=MyISAM;

--
-- Dumping data for table 'graph_st'
--


INSERT INTO graph_st VALUES (1,'Monitor');

--
-- Table structure for table 'graph_types'
--

CREATE TABLE graph_types (
  id int(11) NOT NULL auto_increment,
  name varchar(50) NOT NULL default '',
  PRIMARY KEY  (id),
  UNIQUE KEY id (id),
  KEY id_2 (id)
) TYPE=MyISAM;

--
-- Dumping data for table 'graph_types'
--


INSERT INTO graph_types VALUES (1,'LINE1');
INSERT INTO graph_types VALUES (2,'LINE2');
INSERT INTO graph_types VALUES (3,'LINE3');
INSERT INTO graph_types VALUES (4,'AREA');
INSERT INTO graph_types VALUES (5,'STACK');

--
-- Table structure for table 'graphs'
--

CREATE TABLE graphs (
  id int(11) NOT NULL auto_increment,
  name varchar(100) NOT NULL default '',
  comment varchar(255) NOT NULL default '',
  xsize int(11) NOT NULL default '0',
  ysize int(11) NOT NULL default '0',
  vert_label varchar(100) NOT NULL default '',
  show_legend tinyint(4) NOT NULL default '0',
  show_total_line tinyint(4) default '0',
  show_total_stats tinyint(4) default '0',
  total_line_color varchar(10) NOT NULL default '#000000',
  show_summed tinyint(4) NOT NULL default '0',
  max_custom int(11) NOT NULL default '0',
  disp_integer_only tinyint(4) NOT NULL default '0',
  disp_sum int(11) default '0',
  PRIMARY KEY  (id),
  UNIQUE KEY id (id),
  KEY id_2 (id)
) TYPE=MyISAM;

--
-- Dumping data for table 'graphs'
--


INSERT INTO graphs VALUES (1,'Oak - CPU Utilization','',575,100,'% Usage',1,1,1,'#000000',0,100,0,0);
INSERT INTO graphs VALUES (2,'Pine - CPU Utilization','',575,100,'% Usage',1,1,1,'#000000',0,100,0,0);
INSERT INTO graphs VALUES (3,'Oak - LAN Traffic','',575,100,'bytes / sec',1,0,0,'#000000',0,0,0,0);
INSERT INTO graphs VALUES (4,'Pine - Eth0','',575,100,'bytes / sec',1,0,0,'#000000',0,0,0,0);
INSERT INTO graphs VALUES (5,'Oak - Internet Traffic','',575,100,'bytes / sec',1,0,0,'#000000',0,0,0,0);
INSERT INTO graphs VALUES (6,'NetMRG - Active Monitors','',575,100,'Monitors',1,1,1,'#000000',0,0,1,0);

--
-- Table structure for table 'menu'
--

CREATE TABLE menu (
  id int(11) NOT NULL auto_increment,
  groupid int(11) NOT NULL default '0',
  label varchar(100) NOT NULL default '',
  link varchar(100) NOT NULL default '',
  priority tinyint(4) NOT NULL default '0',
  caption varchar(50) NOT NULL default '',
  PRIMARY KEY  (id),
  UNIQUE KEY id_2 (id),
  KEY id (id)
) TYPE=MyISAM;

--
-- Dumping data for table 'menu'
--


INSERT INTO menu VALUES (3,300,'Graphing','',0,'');
INSERT INTO menu VALUES (2,200,'Reporting','',0,'');
INSERT INTO menu VALUES (1,100,'Monitoring','',0,'');
INSERT INTO menu VALUES (8,400,'Scripts','tests_script.php',1,'External Programs');
INSERT INTO menu VALUES (10,200,'Responses','mon_responses.php',1,'');
INSERT INTO menu VALUES (11,200,'Notifications','mon_notify.php',1,'');
INSERT INTO menu VALUES (14,100,'Groups','mon_groups.php',1,'');
INSERT INTO menu VALUES (15,200,'Device Tree','last_status.php',2,'');
INSERT INTO menu VALUES (16,600,'About','about.php',1,'');
INSERT INTO menu VALUES (17,600,'Help','',0,'');
INSERT INTO menu VALUES (18,300,'Custom Graphs','custom_graphs.php',1,'');
INSERT INTO menu VALUES (20,400,'SNMP','tests_snmp.php',2,'SNMP Queries');
INSERT INTO menu VALUES (21,100,'Device Types','mon_device_types.php',5,'');
INSERT INTO menu VALUES (24,500,'Admin','',0,'');
INSERT INTO menu VALUES (25,500,'Users','users.php',2,'');
INSERT INTO menu VALUES (26,500,'Logout','login.php?action=logout',3,'End your NetMRG Session.');
INSERT INTO menu VALUES (27,200,'Event Log','event_log.php',10,'Display a list of the most recent events.');
INSERT INTO menu VALUES (28,400,'Tests','',0,'Options for Data Gatherers');
INSERT INTO menu VALUES (29,400,'SQL','tests_sql.php',3,'Database Queries');

--
-- Table structure for table 'mon_conditions'
--

CREATE TABLE mon_conditions (
  id int(11) NOT NULL auto_increment,
  name varchar(50) NOT NULL default '',
  PRIMARY KEY  (id),
  UNIQUE KEY id_2 (id),
  KEY id (id)
) TYPE=MyISAM;

--
-- Dumping data for table 'mon_conditions'
--


INSERT INTO mon_conditions VALUES (1,'Equal To');
INSERT INTO mon_conditions VALUES (2,'Greater Than');
INSERT INTO mon_conditions VALUES (3,'Less Than');
INSERT INTO mon_conditions VALUES (4,'Delta Equal To');
INSERT INTO mon_conditions VALUES (5,'Delta Greater Than');
INSERT INTO mon_conditions VALUES (6,'Delta Less Than');

--
-- Table structure for table 'mon_device_types'
--

CREATE TABLE mon_device_types (
  id int(11) NOT NULL auto_increment,
  name varchar(200) NOT NULL default '',
  comment varchar(250) NOT NULL default '',
  PRIMARY KEY  (id),
  UNIQUE KEY id (id),
  KEY id_2 (id)
) TYPE=MyISAM;

--
-- Dumping data for table 'mon_device_types'
--


INSERT INTO mon_device_types VALUES (8,'Linux Box','');

--
-- Table structure for table 'mon_devices'
--

CREATE TABLE mon_devices (
  id int(11) NOT NULL auto_increment,
  name varchar(50) NOT NULL default '',
  ip varchar(50) NOT NULL default '',
  snmp_read_community varchar(200) NOT NULL default '',
  dev_type int(11) NOT NULL default '0',
  snmp_recache tinyint(4) NOT NULL default '0',
  disabled tinyint(4) NOT NULL default '0',
  snmp_avoided tinyint(4) NOT NULL default '0',
  snmp_uptime bigint(20) default '0',
  snmp_ifnumber int(11) NOT NULL default '0',
  snmp_check_ifnumber int(11) NOT NULL default '1',
  snmp_enabled tinyint(4) NOT NULL default '1',
  PRIMARY KEY  (id),
  UNIQUE KEY id_2 (id),
  KEY id (id)
) TYPE=MyISAM;

--
-- Dumping data for table 'mon_devices'
--


INSERT INTO mon_devices VALUES (1,'Oak','192.168.1.1','public',0,0,0,0,1966979,3,1,1);
INSERT INTO mon_devices VALUES (2,'Pine','192.168.1.11','public',8,0,0,0,1941591,2,1,1);
INSERT INTO mon_devices VALUES (3,'NetMRG','','',8,0,0,0,0,0,0,0);

--
-- Table structure for table 'mon_events'
--

CREATE TABLE mon_events (
  id int(11) NOT NULL auto_increment,
  monitors_id int(11) NOT NULL default '0',
  result int(11) NOT NULL default '0',
  condition tinyint(4) NOT NULL default '1',
  options tinyint(4) NOT NULL default '2',
  last_status int(11) NOT NULL default '0',
  situation int(11) NOT NULL default '0',
  display_name varchar(100) NOT NULL default '',
  last_change bigint(20) NOT NULL default '0',
  PRIMARY KEY  (id),
  UNIQUE KEY id_2 (id),
  KEY id (id)
) TYPE=MyISAM;

--
-- Dumping data for table 'mon_events'
--



--
-- Table structure for table 'mon_groups'
--

CREATE TABLE mon_groups (
  id int(11) NOT NULL auto_increment,
  name varchar(100) NOT NULL default '',
  comment varchar(200) NOT NULL default '',
  parent_id int(11) default NULL,
  PRIMARY KEY  (id),
  UNIQUE KEY id (id),
  KEY id_2 (id)
) TYPE=MyISAM;

--
-- Dumping data for table 'mon_groups'
--


INSERT INTO mon_groups VALUES (0,'Root','',NULL);
INSERT INTO mon_groups VALUES (2,'LAN','',0);

--
-- Table structure for table 'mon_notify'
--

CREATE TABLE mon_notify (
  id int(11) NOT NULL auto_increment,
  name varchar(50) NOT NULL default '',
  cmd varchar(100) NOT NULL default '',
  disabled tinyint(4) NOT NULL default '0',
  PRIMARY KEY  (id),
  UNIQUE KEY id_2 (id),
  KEY id (id)
) TYPE=MyISAM;

--
-- Dumping data for table 'mon_notify'
--


INSERT INTO mon_notify VALUES (1,'Broadcast message to linux users','wall problem with %ip',0);
INSERT INTO mon_notify VALUES (2,'Email root','echo \"message\" | mail root',0);
INSERT INTO mon_notify VALUES (4,'Network Messenger','/bin/send_message 192.168.1.11',0);
INSERT INTO mon_notify VALUES (5,'echo','echo',0);
INSERT INTO mon_notify VALUES (6,'E-Mail Brady (unpingable)','echo \'%dev_name is reported as unpingable.\' | mail -s \'DEVICE %dev_name UNPINGABLE\' brady@pa.net',0);
INSERT INTO mon_notify VALUES (7,'E-Mail Brady (pingable)','echo \'%dev_name is now reported as pingable.\' | mail -s \'DEVICE %dev_name PINGABLE\' brady@pa.net',0);

--
-- Table structure for table 'mon_options'
--

CREATE TABLE mon_options (
  id tinyint(4) NOT NULL default '0',
  name varchar(50) NOT NULL default '',
  PRIMARY KEY  (id),
  UNIQUE KEY id_2 (id),
  KEY id (id)
) TYPE=MyISAM;

--
-- Dumping data for table 'mon_options'
--


INSERT INTO mon_options VALUES (0,'Always');
INSERT INTO mon_options VALUES (1,'On Change');

--
-- Table structure for table 'mon_responses'
--

CREATE TABLE mon_responses (
  id int(11) NOT NULL auto_increment,
  events_id int(11) NOT NULL default '0',
  notify_id int(11) NOT NULL default '0',
  cmd_params varchar(100) default NULL,
  PRIMARY KEY  (id),
  UNIQUE KEY id_2 (id),
  KEY id (id)
) TYPE=MyISAM;

--
-- Dumping data for table 'mon_responses'
--



--
-- Table structure for table 'mon_situations'
--

CREATE TABLE mon_situations (
  id int(11) NOT NULL auto_increment,
  name varchar(100) NOT NULL default '',
  image varchar(100) NOT NULL default '',
  PRIMARY KEY  (id),
  UNIQUE KEY id (id),
  KEY id_2 (id)
) TYPE=MyISAM;

--
-- Dumping data for table 'mon_situations'
--


INSERT INTO mon_situations VALUES (1,'Green','');
INSERT INTO mon_situations VALUES (2,'Yellow','');
INSERT INTO mon_situations VALUES (3,'Red','');
INSERT INTO mon_situations VALUES (4,'Disabled','');

--
-- Table structure for table 'monitors'
--

CREATE TABLE monitors (
  id int(11) NOT NULL auto_increment,
  sub_dev_id int(11) NOT NULL default '0',
  data_type tinyint(4) NOT NULL default '0',
  min_val bigint(20) default NULL,
  max_val bigint(20) default NULL,
  tuned tinyint(4) NOT NULL default '0',
  test_type tinyint(4) NOT NULL default '0',
  test_id tinyint(4) NOT NULL default '0',
  test_params varchar(150) NOT NULL default '',
  last_val bigint(20) default NULL,
  delta_val bigint(20) default NULL,
  last_time datetime default NULL,
  delta_time bigint(20) default NULL,
  PRIMARY KEY  (id),
  UNIQUE KEY id (id),
  KEY id_2 (id,sub_dev_id)
) TYPE=MyISAM;

--
-- Dumping data for table 'monitors'
--


INSERT INTO monitors VALUES (1,1,1,NULL,NULL,1,2,9,'',NULL,NULL,'2002-11-23 13:55:01',60);
INSERT INTO monitors VALUES (2,1,1,NULL,NULL,1,2,10,'',NULL,NULL,'2002-11-23 13:55:01',60);
INSERT INTO monitors VALUES (3,1,1,NULL,NULL,1,2,11,'',NULL,NULL,'2002-11-23 13:55:01',60);
INSERT INTO monitors VALUES (4,1,2,NULL,105,1,2,7,'',53291,5,'2002-11-23 13:55:01',60);
INSERT INTO monitors VALUES (5,1,2,NULL,105,1,2,5,'',722837,69,'2002-11-23 13:55:01',60);
INSERT INTO monitors VALUES (6,1,2,NULL,105,1,2,8,'',1240,0,'2002-11-23 13:55:01',60);
INSERT INTO monitors VALUES (17,3,2,NULL,12000000,1,2,39,'',1712407023,13930,'2002-11-23 13:55:01',60);
INSERT INTO monitors VALUES (7,1,1,NULL,NULL,1,2,2,'',69,3,'2002-11-23 13:55:01',60);
INSERT INTO monitors VALUES (8,1,1,NULL,NULL,1,2,3,'',1,0,'2002-11-23 13:55:01',60);
INSERT INTO monitors VALUES (9,1,1,NULL,NULL,1,2,18,'',3,0,'2002-11-23 13:55:01',60);
INSERT INTO monitors VALUES (20,4,1,NULL,NULL,1,2,40,'',1,0,'2002-11-23 13:55:01',60);
INSERT INTO monitors VALUES (10,1,2,NULL,1000,1,3,1,'',44181,97,'2002-11-23 13:55:01',60);
INSERT INTO monitors VALUES (11,2,2,NULL,105,1,2,7,'',33694,4,'2002-11-23 13:55:01',60);
INSERT INTO monitors VALUES (12,2,2,NULL,105,1,2,5,'',115314,30,'2002-11-23 13:55:01',60);
INSERT INTO monitors VALUES (13,2,2,NULL,105,1,2,8,'',43477,0,'2002-11-23 13:55:01',60);
INSERT INTO monitors VALUES (14,2,1,NULL,NULL,1,2,2,'',70,0,'2002-11-23 13:55:01',60);
INSERT INTO monitors VALUES (15,2,1,NULL,NULL,1,2,18,'',3,0,'2002-11-23 13:55:01',60);
INSERT INTO monitors VALUES (16,2,1,NULL,NULL,1,2,3,'',2,0,'2002-11-23 13:55:01',60);
INSERT INTO monitors VALUES (18,3,2,NULL,12000000,1,2,38,'',635980027,50205,'2002-11-23 13:55:01',60);
INSERT INTO monitors VALUES (21,5,2,NULL,12000000,1,2,39,'',591859193,49386,'2002-11-23 13:55:01',60);
INSERT INTO monitors VALUES (19,3,2,NULL,1000,1,2,40,'',0,0,'2002-11-23 13:55:01',60);
INSERT INTO monitors VALUES (25,6,1,NULL,NULL,1,3,3,'',0,0,'2002-11-23 13:55:01',60);
INSERT INTO monitors VALUES (29,7,1,NULL,NULL,1,2,44,'',14597968,0,'2002-11-23 13:55:01',60);
INSERT INTO monitors VALUES (22,5,2,NULL,12000000,1,2,38,'',29524577,13438,'2002-11-23 13:55:01',60);
INSERT INTO monitors VALUES (30,8,1,NULL,NULL,1,2,43,'',18555804,0,'2002-11-23 13:55:01',60);
INSERT INTO monitors VALUES (23,4,2,NULL,10000,1,2,39,'',2340906,810,'2002-11-23 13:55:01',60);
INSERT INTO monitors VALUES (24,4,2,NULL,10000,1,2,38,'',484884,577,'2002-11-23 13:55:01',60);
INSERT INTO monitors VALUES (26,6,1,NULL,NULL,1,3,4,'',27,0,'2002-11-23 13:55:01',60);
INSERT INTO monitors VALUES (28,7,1,NULL,NULL,1,2,43,'',576636,0,'2002-11-23 13:55:01',60);
INSERT INTO monitors VALUES (27,6,1,NULL,NULL,1,3,5,'',4,0,'2002-11-23 13:55:01',60);
INSERT INTO monitors VALUES (31,8,1,NULL,NULL,1,2,44,'',79927040,0,'2002-11-23 13:55:01',60);

--
-- Table structure for table 'permit_type'
--

CREATE TABLE permit_type (
  id int(11) NOT NULL default '0',
  name varchar(100) NOT NULL default '',
  PRIMARY KEY  (id),
  UNIQUE KEY id (id),
  KEY id_2 (id)
) TYPE=MyISAM;

--
-- Dumping data for table 'permit_type'
--


INSERT INTO permit_type VALUES (0,'Single View Only');
INSERT INTO permit_type VALUES (1,'Read All');
INSERT INTO permit_type VALUES (2,'Read/Write');
INSERT INTO permit_type VALUES (3,'Read/Write/User Admin');

--
-- Table structure for table 'snmp_cache'
--

CREATE TABLE snmp_cache (
  dev_id int(11) NOT NULL default '0',
  if_index int(11) default NULL,
  if_name varchar(200) NOT NULL default '',
  if_ip varchar(200) NOT NULL default '',
  if_desc varchar(200) NOT NULL default '',
  if_mac varchar(200) NOT NULL default '',
  if_alias varchar(250) NOT NULL default '',
  KEY dev_id (dev_id),
  KEY if_index (if_index),
  KEY if_name (if_name),
  KEY if_ip (if_ip),
  KEY if_desc (if_desc),
  KEY if_alias (if_alias)
) TYPE=MyISAM;

--
-- Dumping data for table 'snmp_cache'
--


INSERT INTO snmp_cache VALUES (52,2,'','206.228.67.10','eth0','0:10:83:fc:99:23','');
INSERT INTO snmp_cache VALUES (135,6,'Nu0','','Null0','','');
INSERT INTO snmp_cache VALUES (51,1,'','127.0.0.1','lo','','');
INSERT INTO snmp_cache VALUES (51,2,'','192.168.1.59','eth0','0:e0:7d:7e:86:41','');
INSERT INTO snmp_cache VALUES (51,3,'','0.0.0.0','eth1','0:80:5f:3e:8f:df','');
INSERT INTO snmp_cache VALUES (39,4,'bh','127.0.0.3','Black Hole','','');
INSERT INTO snmp_cache VALUES (39,5,'wanabe','','Inactive','','');
INSERT INTO snmp_cache VALUES (39,6,'local','','Local','','');
INSERT INTO snmp_cache VALUES (39,7,'multi','','Multi Cast','','');
INSERT INTO snmp_cache VALUES (39,8,'uart 1-17-2','','Console Port 17/2','','');
INSERT INTO snmp_cache VALUES (39,9,'ds1 1-2-1','','Chanelize T1 Slot 2/1','','');
INSERT INTO snmp_cache VALUES (150,2,'','206.228.67.42','eth0','0:d0:b7:91:23:45','');
INSERT INTO snmp_cache VALUES (131,2,'','206.228.67.22','eth0','0:6:29:5:84:3d','');
INSERT INTO snmp_cache VALUES (22,11,'ds1 1-1-3','','Channelized T1 Slot 1/3','','');
INSERT INTO snmp_cache VALUES (59,5,'','66.59.97.0','Loopback0','','');
INSERT INTO snmp_cache VALUES (55,25,'Hs5/0','12.124.103.38','Hssi5/0','','AT&T DS3 -- DNEC.975912..ATI');
INSERT INTO snmp_cache VALUES (55,26,'Fa6/0/0','10.0.1.1','FastEthernet6/0/0','0:60:83:45:3e:c0','to NAS');
INSERT INTO snmp_cache VALUES (66,3,'Fa0/2','','FastEthernet0/2','0:d0:bb:d5:61:2','');
INSERT INTO snmp_cache VALUES (66,2,'Fa0/1','','FastEthernet0/1','0:d0:bb:d5:61:1','');
INSERT INTO snmp_cache VALUES (66,1,'VL1','192.168.1.39','VLAN1','0:d0:bb:d5:61:0','');
INSERT INTO snmp_cache VALUES (66,4,'Fa0/3','','FastEthernet0/3','0:d0:bb:d5:61:3','');
INSERT INTO snmp_cache VALUES (66,5,'Fa0/4','','FastEthernet0/4','0:d0:bb:d5:61:4','');
INSERT INTO snmp_cache VALUES (66,6,'Fa0/5','','FastEthernet0/5','0:d0:bb:d5:61:5','');
INSERT INTO snmp_cache VALUES (66,7,'Fa0/6','','FastEthernet0/6','0:d0:bb:d5:61:6','');
INSERT INTO snmp_cache VALUES (66,8,'Fa0/7','','FastEthernet0/7','0:d0:bb:d5:61:7','');
INSERT INTO snmp_cache VALUES (66,9,'Fa0/8','','FastEthernet0/8','0:d0:bb:d5:61:8','');
INSERT INTO snmp_cache VALUES (66,10,'Fa0/9','','FastEthernet0/9','0:d0:bb:d5:61:a','');
INSERT INTO snmp_cache VALUES (66,11,'Fa0/10','','FastEthernet0/10','0:d0:bb:d5:61:b','');
INSERT INTO snmp_cache VALUES (66,12,'Fa0/11','','FastEthernet0/11','0:d0:bb:d5:61:c','');
INSERT INTO snmp_cache VALUES (66,13,'Fa0/12','','FastEthernet0/12','0:d0:bb:d5:61:d','');
INSERT INTO snmp_cache VALUES (66,14,'Fa0/13','','FastEthernet0/13','0:d0:bb:d5:61:e','');
INSERT INTO snmp_cache VALUES (66,15,'Fa0/14','','FastEthernet0/14','0:d0:bb:d5:61:f','');
INSERT INTO snmp_cache VALUES (66,16,'Fa0/15','','FastEthernet0/15','0:d0:bb:d5:61:10','');
INSERT INTO snmp_cache VALUES (66,17,'Fa0/16','','FastEthernet0/16','0:d0:bb:d5:61:11','');
INSERT INTO snmp_cache VALUES (66,18,'Fa0/17','','FastEthernet0/17','0:d0:bb:d5:61:13','');
INSERT INTO snmp_cache VALUES (66,19,'Fa0/18','','FastEthernet0/18','0:d0:bb:d5:61:14','');
INSERT INTO snmp_cache VALUES (66,20,'Fa0/19','','FastEthernet0/19','0:d0:bb:d5:61:15','');
INSERT INTO snmp_cache VALUES (66,21,'Fa0/20','','FastEthernet0/20','0:d0:bb:d5:61:16','');
INSERT INTO snmp_cache VALUES (66,22,'Fa0/21','','FastEthernet0/21','0:d0:bb:d5:61:17','');
INSERT INTO snmp_cache VALUES (66,23,'Fa0/22','','FastEthernet0/22','0:d0:bb:d5:61:18','');
INSERT INTO snmp_cache VALUES (66,24,'Fa0/23','','FastEthernet0/23','0:d0:bb:d5:61:19','');
INSERT INTO snmp_cache VALUES (66,25,'Fa0/24','','FastEthernet0/24','0:d0:bb:d5:61:1a','');
INSERT INTO snmp_cache VALUES (30,81,'ds3 1-1-28','','Chanelize T3 Slot 1/28','','');
INSERT INTO snmp_cache VALUES (30,80,'ds3 1-1-27','','Chanelize T3 Slot 1/27','','');
INSERT INTO snmp_cache VALUES (30,79,'ds3 1-1-26','','Chanelize T3 Slot 1/26','','');
INSERT INTO snmp_cache VALUES (89,4777,'Vi19','','Virtual-Access19','','');
INSERT INTO snmp_cache VALUES (89,4780,'Vi81','','Virtual-Access81','','');
INSERT INTO snmp_cache VALUES (89,4793,'Vi33','','Virtual-Access33','','');
INSERT INTO snmp_cache VALUES (44,37,'ie 1-1-4','','Ethernet Slot 1/4','0:c0:7b:8e:8f:b','');
INSERT INTO snmp_cache VALUES (89,4747,'Vi56','','Virtual-Access56','','');
INSERT INTO snmp_cache VALUES (89,4756,'Vi42','','Virtual-Access42','','');
INSERT INTO snmp_cache VALUES (89,4759,'Vi30','','Virtual-Access30','','');
INSERT INTO snmp_cache VALUES (89,4760,'Vi3','','Virtual-Access3','','');
INSERT INTO snmp_cache VALUES (89,4776,'Vi10','','Virtual-Access10','','');
INSERT INTO snmp_cache VALUES (69,19,'Fa0/18','','FastEthernet0/18','0:b0:64:27:da:14','radius-acct.pa.net');
INSERT INTO snmp_cache VALUES (69,18,'Fa0/17','','FastEthernet0/17','0:b0:64:27:da:13','hostwap.pa.net');
INSERT INTO snmp_cache VALUES (69,17,'Fa0/16','','FastEthernet0/16','0:b0:64:27:da:11','distro.pa.net');
INSERT INTO snmp_cache VALUES (69,16,'Fa0/15','','FastEthernet0/15','0:b0:64:27:da:10','');
INSERT INTO snmp_cache VALUES (69,15,'Fa0/14','','FastEthernet0/14','0:b0:64:27:da:f','mrtg1.pa.net');
INSERT INTO snmp_cache VALUES (69,14,'Fa0/13','','FastEthernet0/13','0:b0:64:27:da:e','www.pa.net');
INSERT INTO snmp_cache VALUES (69,13,'Fa0/12','','FastEthernet0/12','0:b0:64:27:da:d','emailauction.com');
INSERT INTO snmp_cache VALUES (69,12,'Fa0/11','','FastEthernet0/11','0:b0:64:27:da:c','raq1.pa.net');
INSERT INTO snmp_cache VALUES (69,11,'Fa0/10','','FastEthernet0/10','0:b0:64:27:da:b','domain.pa.net');
INSERT INTO snmp_cache VALUES (69,10,'Fa0/9','','FastEthernet0/9','0:b0:64:27:da:a','');
INSERT INTO snmp_cache VALUES (69,9,'Fa0/8','','FastEthernet0/8','0:b0:64:27:da:8','raq0.pa.net');
INSERT INTO snmp_cache VALUES (69,8,'Fa0/7','','FastEthernet0/7','0:b0:64:27:da:7','');
INSERT INTO snmp_cache VALUES (69,7,'Fa0/6','','FastEthernet0/6','0:b0:64:27:da:6','domain2.pa.net');
INSERT INTO snmp_cache VALUES (69,6,'Fa0/5','','FastEthernet0/5','0:b0:64:27:da:5','ns2.pa.net');
INSERT INTO snmp_cache VALUES (69,5,'Fa0/4','','FastEthernet0/4','0:b0:64:27:da:4','radius1.pa.net');
INSERT INTO snmp_cache VALUES (69,4,'Fa0/3','','FastEthernet0/3','0:b0:64:27:da:3','domain4.pa.net');
INSERT INTO snmp_cache VALUES (69,3,'Fa0/2','','FastEthernet0/2','0:b0:64:27:da:2','smtp.pa.net');
INSERT INTO snmp_cache VALUES (69,2,'Fa0/1','','FastEthernet0/1','0:b0:64:27:da:1','sw-demarc1.pa.net');
INSERT INTO snmp_cache VALUES (69,1,'VL1','205.166.61.239','VLAN1','0:b0:64:27:da:0','');
INSERT INTO snmp_cache VALUES (73,1,'','127.0.0.1','lo','','');
INSERT INTO snmp_cache VALUES (73,2,'','192.168.1.56','eth0','0:e0:7d:7e:86:43','');
INSERT INTO snmp_cache VALUES (74,1,'','127.0.0.1','lo','','');
INSERT INTO snmp_cache VALUES (74,2,'','192.168.1.53','eth0','0:e0:7d:7e:14:ef','');
INSERT INTO snmp_cache VALUES (130,1,'','127.0.0.1','lo','','');
INSERT INTO snmp_cache VALUES (77,2,'','0.0.0.0','eth0','0:60:94:a:e9:de','');
INSERT INTO snmp_cache VALUES (77,1,'','127.0.0.1','lo','','');
INSERT INTO snmp_cache VALUES (57,1,'','127.0.0.1','lo','','');
INSERT INTO snmp_cache VALUES (57,2,'','205.166.61.29','eth0','0:20:35:68:6:bf','');
INSERT INTO snmp_cache VALUES (57,3,'','0.0.0.0','eth1','0:60:94:a:33:91','');
INSERT INTO snmp_cache VALUES (83,15,'','','bridge1','','');
INSERT INTO snmp_cache VALUES (95,2,'','206.228.67.23','eth0','0:6:29:5:5b:fd','');
INSERT INTO snmp_cache VALUES (89,4717,'Vi72','','Virtual-Access72','','');
INSERT INTO snmp_cache VALUES (96,60,'ds3 1-4-19','','Chanelize T3 Slot 4/19','','');
INSERT INTO snmp_cache VALUES (96,61,'ds3 1-4-20','','Chanelize T3 Slot 4/20','','');
INSERT INTO snmp_cache VALUES (96,58,'ds3 1-4-17','','Chanelize T3 Slot 4/17','','');
INSERT INTO snmp_cache VALUES (96,59,'ds3 1-4-18','','Chanelize T3 Slot 4/18','','');
INSERT INTO snmp_cache VALUES (96,57,'ds3 1-4-16','','Chanelize T3 Slot 4/16','','');
INSERT INTO snmp_cache VALUES (39,3,'rj','127.0.0.2','Reject','','');
INSERT INTO snmp_cache VALUES (61,4,'','172.16.3.6','Serial1','','');
INSERT INTO snmp_cache VALUES (38,20,'ds1 1-3-3','','Channelized T1 Slot 3/3','','');
INSERT INTO snmp_cache VALUES (38,21,'ds1 1-3-4','','Channelized T1 Slot 3/4','','');
INSERT INTO snmp_cache VALUES (45,44,'ds1 1-4-8','','Chanelize T1 Slot 4/8','','');
INSERT INTO snmp_cache VALUES (45,43,'ds1 1-4-7','','Chanelize T1 Slot 4/7','','');
INSERT INTO snmp_cache VALUES (56,27,'Lo1','66.59.106.1','Loopback1','','');
INSERT INTO snmp_cache VALUES (45,42,'ds1 1-4-6','','Chanelize T1 Slot 4/6','','');
INSERT INTO snmp_cache VALUES (65,2,'','206.228.67.26','eth0','0:e0:7d:7e:15:e','');
INSERT INTO snmp_cache VALUES (133,2,'','206.228.67.21','eth0','0:90:27:73:83:80','');
INSERT INTO snmp_cache VALUES (61,5,'','66.59.101.0','Loopback0','','');
INSERT INTO snmp_cache VALUES (22,8,'uart 1-17-2','','Console Port 17/2','','');
INSERT INTO snmp_cache VALUES (45,41,'ds1 1-4-5','','Chanelize T1 Slot 4/5','','');
INSERT INTO snmp_cache VALUES (45,39,'ie 1-1-3','','Ethernet Slot 1/3','0:d0:52:4:5e:a3','');
INSERT INTO snmp_cache VALUES (45,40,'ie 1-1-4','','Ethernet Slot 1/4','0:d0:52:4:5e:a4','');
INSERT INTO snmp_cache VALUES (45,38,'ie 1-1-2','','Ethernet Slot 1/2','0:d0:52:4:5e:a2','');
INSERT INTO snmp_cache VALUES (45,37,'ie 1-1-1','10.0.5.2','Ethernet Slot 1/1','0:d0:52:4:5e:a1','');
INSERT INTO snmp_cache VALUES (45,36,'ds1 1-3-8','','Chanelize T1 Slot 3/8','','');
INSERT INTO snmp_cache VALUES (45,35,'ds1 1-3-7','','Chanelize T1 Slot 3/7','','');
INSERT INTO snmp_cache VALUES (52,1,'','127.0.0.1','lo','','');
INSERT INTO snmp_cache VALUES (55,24,'Se4/7','','Serial4/7','','');
INSERT INTO snmp_cache VALUES (159,2,'','206.228.67.52','eth0','0:90:27:73:86:6c','');
INSERT INTO snmp_cache VALUES (159,1,'','127.0.0.1','lo','','');
INSERT INTO snmp_cache VALUES (101,21,'21','','21','0:d0:ba:b3:31:55','');
INSERT INTO snmp_cache VALUES (101,20,'20','','20','0:d0:ba:b3:31:54','');
INSERT INTO snmp_cache VALUES (18,5,'','192.168.1.1','eth0','0:0:21:fd:fa:13','');
INSERT INTO snmp_cache VALUES (18,4,'','','bond0','','');
INSERT INTO snmp_cache VALUES (18,3,'','','dummy0','','');
INSERT INTO snmp_cache VALUES (18,2,'','0.0.0.0','plip0','fc:fc:fc:fc:fc:fc','');
INSERT INTO snmp_cache VALUES (18,1,'','127.0.0.1','lo','','');
INSERT INTO snmp_cache VALUES (19,2,'','192.168.1.11','eth0','0:40:33:e3:33:9d','');
INSERT INTO snmp_cache VALUES (19,1,'','127.0.0.1','lo','','');
INSERT INTO snmp_cache VALUES (18,6,'','192.168.100.1','eth1','0:20:a6:3a:53:66','');
INSERT INTO snmp_cache VALUES (18,7,'','63.161.185.36','ppp0','','');
INSERT INTO snmp_cache VALUES (107,247,'5/3','','10/100 utp ethernet (cat 3/5)','0:60:47:16:c6:6e','');
INSERT INTO snmp_cache VALUES (28,30,'','204.251.190.180','ptp28','','');
INSERT INTO snmp_cache VALUES (28,5,'','204.251.190.167','ptp3','','');
INSERT INTO snmp_cache VALUES (28,4,'','204.251.190.168','ptp2','','');
INSERT INTO snmp_cache VALUES (106,54,'2/46','','10/100 utp ethernet (cat 3/5)','0:3:9f:ea:df:cb','');
INSERT INTO snmp_cache VALUES (106,53,'2/45','','10/100 utp ethernet (cat 3/5)','0:3:9f:ea:df:ca','');
INSERT INTO snmp_cache VALUES (106,52,'2/44','','10/100 utp ethernet (cat 3/5)','0:3:9f:ea:df:c9','');
INSERT INTO snmp_cache VALUES (106,51,'2/43','','10/100 utp ethernet (cat 3/5)','0:3:9f:ea:df:c8','');
INSERT INTO snmp_cache VALUES (106,50,'2/42','','10/100 utp ethernet (cat 3/5)','0:3:9f:ea:df:c7','');
INSERT INTO snmp_cache VALUES (106,49,'2/41','','10/100 utp ethernet (cat 3/5)','0:3:9f:ea:df:c6','');
INSERT INTO snmp_cache VALUES (106,48,'2/40','','10/100 utp ethernet (cat 3/5)','0:3:9f:ea:df:c5','');
INSERT INTO snmp_cache VALUES (94,1,'','127.0.0.1','lo','','');
INSERT INTO snmp_cache VALUES (94,2,'','205.166.61.231','eth0','0:50:4:d4:68:73','');
INSERT INTO snmp_cache VALUES (94,3,'','192.168.1.1','eth1','0:90:27:c3:d2:34','');
INSERT INTO snmp_cache VALUES (94,4,'','192.168.254.1','eth2','0:e0:7d:95:68:5c','');
INSERT INTO snmp_cache VALUES (77,3,'','192.168.1.45','eth1','0:20:35:68:9b:a','');
INSERT INTO snmp_cache VALUES (77,4,'','','bond0','','');
INSERT INTO snmp_cache VALUES (55,33,'Tu2','172.20.1.33','Tunnel2','','tun to tc1.rtr');
INSERT INTO snmp_cache VALUES (107,246,'5/2','','10/100 utp ethernet (cat 3/5)','0:60:47:16:c6:6d','');
INSERT INTO snmp_cache VALUES (107,245,'5/1','','10/100 utp ethernet (cat 3/5)','0:60:47:16:c6:6c','');
INSERT INTO snmp_cache VALUES (107,244,'2/24','','utp ethernet','0:60:47:cc:9a:7f','');
INSERT INTO snmp_cache VALUES (107,243,'2/23','','utp ethernet','0:60:47:cc:9a:7e','');
INSERT INTO snmp_cache VALUES (107,242,'2/22','','utp ethernet','0:60:47:cc:9a:7d','');
INSERT INTO snmp_cache VALUES (107,241,'2/21','','utp ethernet','0:60:47:cc:9a:7c','');
INSERT INTO snmp_cache VALUES (107,240,'2/20','','utp ethernet','0:60:47:cc:9a:7b','');
INSERT INTO snmp_cache VALUES (107,239,'2/19','','utp ethernet','0:60:47:cc:9a:7a','');
INSERT INTO snmp_cache VALUES (107,238,'2/18','','utp ethernet','0:60:47:cc:9a:79','');
INSERT INTO snmp_cache VALUES (107,237,'2/17','','utp ethernet','0:60:47:cc:9a:78','');
INSERT INTO snmp_cache VALUES (107,236,'2/16','','utp ethernet','0:60:47:cc:9a:77','');
INSERT INTO snmp_cache VALUES (106,47,'2/39','','10/100 utp ethernet (cat 3/5)','0:3:9f:ea:df:c4','');
INSERT INTO snmp_cache VALUES (106,46,'2/38','','10/100 utp ethernet (cat 3/5)','0:3:9f:ea:df:c3','');
INSERT INTO snmp_cache VALUES (106,45,'2/37','','10/100 utp ethernet (cat 3/5)','0:3:9f:ea:df:c2','');
INSERT INTO snmp_cache VALUES (106,44,'2/36','','10/100 utp ethernet (cat 3/5)','0:3:9f:ea:df:c1','');
INSERT INTO snmp_cache VALUES (106,43,'2/35','','10/100 utp ethernet (cat 3/5)','0:3:9f:ea:df:c0','');
INSERT INTO snmp_cache VALUES (106,42,'2/34','','10/100 utp ethernet (cat 3/5)','0:3:9f:ea:df:bf','');
INSERT INTO snmp_cache VALUES (106,41,'2/33','','10/100 utp ethernet (cat 3/5)','0:3:9f:ea:df:be','');
INSERT INTO snmp_cache VALUES (106,40,'2/32','','10/100 utp ethernet (cat 3/5)','0:3:9f:ea:df:bd','');
INSERT INTO snmp_cache VALUES (106,39,'2/31','','10/100 utp ethernet (cat 3/5)','0:3:9f:ea:df:bc','');
INSERT INTO snmp_cache VALUES (106,38,'2/30','','10/100 utp ethernet (cat 3/5)','0:3:9f:ea:df:bb','');
INSERT INTO snmp_cache VALUES (106,37,'2/29','','10/100 utp ethernet (cat 3/5)','0:3:9f:ea:df:ba','');
INSERT INTO snmp_cache VALUES (106,36,'2/28','','10/100 utp ethernet (cat 3/5)','0:3:9f:ea:df:b9','');
INSERT INTO snmp_cache VALUES (101,22,'22','','22','0:d0:ba:b3:31:56','');
INSERT INTO snmp_cache VALUES (101,19,'19','','19','0:d0:ba:b3:31:53','');
INSERT INTO snmp_cache VALUES (101,18,'18','','18','0:d0:ba:b3:31:52','');
INSERT INTO snmp_cache VALUES (99,3,'Et1/1','','Ethernet1/1','0:10:7b:d6:c7:92','');
INSERT INTO snmp_cache VALUES (99,2,'Se1/0','206.228.70.33','Serial1/0','','');
INSERT INTO snmp_cache VALUES (99,1,'Et1/0','205.166.61.74','Ethernet1/0','0:10:7b:d6:c7:91','');
INSERT INTO snmp_cache VALUES (101,17,'17','','17','0:d0:ba:b3:31:51','');
INSERT INTO snmp_cache VALUES (101,16,'16','','16','0:d0:ba:b3:31:50','');
INSERT INTO snmp_cache VALUES (101,15,'15','','15','0:d0:ba:b3:31:4f','');
INSERT INTO snmp_cache VALUES (101,13,'13','','13','0:d0:ba:b3:31:4d','');
INSERT INTO snmp_cache VALUES (101,14,'14','','14','0:d0:ba:b3:31:4e','');
INSERT INTO snmp_cache VALUES (101,12,'12','','12','0:d0:ba:b3:31:4c','');
INSERT INTO snmp_cache VALUES (106,35,'2/27','','10/100 utp ethernet (cat 3/5)','0:3:9f:ea:df:b8','');
INSERT INTO snmp_cache VALUES (106,34,'2/26','','10/100 utp ethernet (cat 3/5)','0:3:9f:ea:df:b7','');
INSERT INTO snmp_cache VALUES (107,235,'2/15','','utp ethernet','0:60:47:cc:9a:76','');
INSERT INTO snmp_cache VALUES (107,234,'2/14','','utp ethernet','0:60:47:cc:9a:75','');
INSERT INTO snmp_cache VALUES (107,233,'2/13','','utp ethernet','0:60:47:cc:9a:74','');
INSERT INTO snmp_cache VALUES (107,232,'2/12','','utp ethernet','0:60:47:cc:9a:73','');
INSERT INTO snmp_cache VALUES (107,231,'2/11','','utp ethernet','0:60:47:cc:9a:72','');
INSERT INTO snmp_cache VALUES (107,230,'2/10','','utp ethernet','0:60:47:cc:9a:71','');
INSERT INTO snmp_cache VALUES (107,229,'2/9','','utp ethernet','0:60:47:cc:9a:70','');
INSERT INTO snmp_cache VALUES (107,228,'2/8','','utp ethernet','0:60:47:cc:9a:6f','');
INSERT INTO snmp_cache VALUES (107,227,'2/7','','utp ethernet','0:60:47:cc:9a:6e','');
INSERT INTO snmp_cache VALUES (148,5,'','10.1.2.1','ppp0','','');
INSERT INTO snmp_cache VALUES (148,4,'','10.1.4.1','ppp4','','');
INSERT INTO snmp_cache VALUES (149,1,'','127.0.0.1','lo','','');
INSERT INTO snmp_cache VALUES (149,2,'','206.228.67.25','eth0','0:90:27:73:79:59','');
INSERT INTO snmp_cache VALUES (45,34,'ds1 1-3-6','','Chanelize T1 Slot 3/6','','');
INSERT INTO snmp_cache VALUES (45,33,'ds1 1-3-5','','Chanelize T1 Slot 3/5','','');
INSERT INTO snmp_cache VALUES (45,32,'ds1 1-3-4','','Chanelize T1 Slot 3/4','','');
INSERT INTO snmp_cache VALUES (139,56,'','','Matrix Port 6','0:20:48:4a:a4:14','');
INSERT INTO snmp_cache VALUES (139,55,'','','Matrix Port 5','0:20:48:4a:a4:13','');
INSERT INTO snmp_cache VALUES (139,54,'','','Matrix Port 4','0:20:48:4a:a4:12','');
INSERT INTO snmp_cache VALUES (139,53,'','','Matrix Port 3','0:20:48:4a:a4:11','');
INSERT INTO snmp_cache VALUES (139,52,'','','Matrix Port 2','0:20:48:4a:a4:10','');
INSERT INTO snmp_cache VALUES (139,50,'','','Stack interface','0:20:48:4a:a4:e','');
INSERT INTO snmp_cache VALUES (28,1,'','10.0.4.4','ether0','0:c0:5:4:27:be','');
INSERT INTO snmp_cache VALUES (28,2,'','204.251.190.178','ptp0','','');
INSERT INTO snmp_cache VALUES (89,4679,'Vi55','','Virtual-Access55','','');
INSERT INTO snmp_cache VALUES (107,226,'2/6','','utp ethernet','0:60:47:cc:9a:6d','');
INSERT INTO snmp_cache VALUES (107,225,'2/5','','utp ethernet','0:60:47:cc:9a:6c','');
INSERT INTO snmp_cache VALUES (150,1,'','127.0.0.1','lo','','');
INSERT INTO snmp_cache VALUES (99,4,'Se1/1','','Serial1/1','','');
INSERT INTO snmp_cache VALUES (99,5,'Lo0','','Loopback0','','');
INSERT INTO snmp_cache VALUES (105,22,'Fa0/21','','FastEthernet0/21','0:d0:ba:cc:c9:57','');
INSERT INTO snmp_cache VALUES (55,23,'Se4/6','','Serial4/6','','');
INSERT INTO snmp_cache VALUES (55,22,'Se4/5','','Serial4/5','','');
INSERT INTO snmp_cache VALUES (55,20,'Se4/3','','Serial4/3','','');
INSERT INTO snmp_cache VALUES (55,21,'Se4/4','','Serial4/4','','');
INSERT INTO snmp_cache VALUES (118,5,'wanabe','','Inactive','','');
INSERT INTO snmp_cache VALUES (30,78,'ds3 1-1-25','','Chanelize T3 Slot 1/25','','');
INSERT INTO snmp_cache VALUES (30,75,'ds3 1-1-22','','Chanelize T3 Slot 1/22','','');
INSERT INTO snmp_cache VALUES (30,76,'ds3 1-1-23','','Chanelize T3 Slot 1/23','','');
INSERT INTO snmp_cache VALUES (30,77,'ds3 1-1-24','','Chanelize T3 Slot 1/24','','');
INSERT INTO snmp_cache VALUES (30,73,'ds3 1-1-20','','Chanelize T3 Slot 1/20','','');
INSERT INTO snmp_cache VALUES (30,74,'ds3 1-1-21','','Chanelize T3 Slot 1/21','','');
INSERT INTO snmp_cache VALUES (30,72,'ds3 1-1-19','','Chanelize T3 Slot 1/19','','');
INSERT INTO snmp_cache VALUES (30,71,'ds3 1-1-18','','Chanelize T3 Slot 1/18','','');
INSERT INTO snmp_cache VALUES (30,70,'ds3 1-1-17','','Chanelize T3 Slot 1/17','','');
INSERT INTO snmp_cache VALUES (23,51,'ds1 1-15-6','','Chanelize T1 Slot 15/6','','');
INSERT INTO snmp_cache VALUES (23,50,'ds1 1-15-5','','Chanelize T1 Slot 15/5','','');
INSERT INTO snmp_cache VALUES (82,2,'','206.228.70.249','Frame Relay Driver','','');
INSERT INTO snmp_cache VALUES (82,1,'','206.228.70.97','Ethernet Driver','0:0:6d:0:66:71','');
INSERT INTO snmp_cache VALUES (105,25,'Fa0/24','','FastEthernet0/24','0:d0:ba:cc:c9:5a','');
INSERT INTO snmp_cache VALUES (105,24,'Fa0/23','','FastEthernet0/23','0:d0:ba:cc:c9:59','');
INSERT INTO snmp_cache VALUES (55,19,'Se4/2','','Serial4/2','','');
INSERT INTO snmp_cache VALUES (55,18,'Se4/1','','Serial4/1','','');
INSERT INTO snmp_cache VALUES (107,175,'4/3','','utp ethernet','0:e0:14:9e:83:ea','');
INSERT INTO snmp_cache VALUES (107,176,'4/4','','utp ethernet','0:e0:14:9e:83:eb','');
INSERT INTO snmp_cache VALUES (23,48,'ds1 1-15-3','','Chanelize T1 Slot 15/3','','');
INSERT INTO snmp_cache VALUES (107,224,'2/4','','utp ethernet','0:60:47:cc:9a:6b','');
INSERT INTO snmp_cache VALUES (55,16,'Se1/7','172.16.3.9','Serial1/7','','to ABWE');
INSERT INTO snmp_cache VALUES (55,17,'Se4/0','172.16.1.9','Serial4/0','','IFS Group T1');
INSERT INTO snmp_cache VALUES (56,25,'Lo0','206.228.68.117','Loopback0','','');
INSERT INTO snmp_cache VALUES (105,23,'Fa0/22','','FastEthernet0/22','0:d0:ba:cc:c9:58','');
INSERT INTO snmp_cache VALUES (56,26,'Tu0','172.20.1.2','Tunnel0','','');
INSERT INTO snmp_cache VALUES (126,92,'DEFAULT_VLAN','204.251.188.226','DEFAULT_VLAN','0:30:c1:49:12:0','');
INSERT INTO snmp_cache VALUES (55,32,'Tu1','172.20.1.29','Tunnel1','','tunnel to mllrsbrg1.rtr');
INSERT INTO snmp_cache VALUES (55,31,'Tu0','172.20.1.6','Tunnel0','','tunnel to crl2.rtr');
INSERT INTO snmp_cache VALUES (55,30,'Lo1','12.151.21.129','Loopback1','','');
INSERT INTO snmp_cache VALUES (55,29,'Lo0','206.228.68.119','Loopback0','','');
INSERT INTO snmp_cache VALUES (45,31,'ds1 1-3-3','','Chanelize T1 Slot 3/3','','');
INSERT INTO snmp_cache VALUES (45,30,'ds1 1-3-2','','Chanelize T1 Slot 3/2','','');
INSERT INTO snmp_cache VALUES (55,15,'Se1/6','206.228.70.161','Serial1/6','','to 21st century data systems (21cds)');
INSERT INTO snmp_cache VALUES (55,13,'Se1/4','206.228.70.201','Serial1/4','','bell fr cloud');
INSERT INTO snmp_cache VALUES (55,14,'Se1/5','144.228.175.106','Serial1/5','','sprint ip');
INSERT INTO snmp_cache VALUES (55,12,'Se1/3','206.228.70.81','Serial1/3','','to Lancaster CSB');
INSERT INTO snmp_cache VALUES (55,11,'Se1/2','172.16.0.105','Serial1/2','','to York CSB');
INSERT INTO snmp_cache VALUES (120,88,'ds1 1-4-2','','Channelized T1 Slot 4/2','','');
INSERT INTO snmp_cache VALUES (135,5,'Se1/3','','Serial1/3','','');
INSERT INTO snmp_cache VALUES (96,55,'ds3 1-4-14','','Chanelize T3 Slot 4/14','','');
INSERT INTO snmp_cache VALUES (96,56,'ds3 1-4-15','','Chanelize T3 Slot 4/15','','');
INSERT INTO snmp_cache VALUES (96,54,'ds3 1-4-13','','Chanelize T3 Slot 4/13','','');
INSERT INTO snmp_cache VALUES (96,52,'ds3 1-4-11','','Chanelize T3 Slot 4/11','','');
INSERT INTO snmp_cache VALUES (96,53,'ds3 1-4-12','','Chanelize T3 Slot 4/12','','');
INSERT INTO snmp_cache VALUES (96,51,'ds3 1-4-10','','Chanelize T3 Slot 4/10','','');
INSERT INTO snmp_cache VALUES (126,31,'D7','','D7','0:30:c1:49:12:61','');
INSERT INTO snmp_cache VALUES (107,256,'5/12','','10/100 utp ethernet (cat 3/5)','0:60:47:16:c6:77','');
INSERT INTO snmp_cache VALUES (98,42,'BV1','141.158.168.129','BVI1','','');
INSERT INTO snmp_cache VALUES (98,44,'Vi2','','Virtual-Access2','','');
INSERT INTO snmp_cache VALUES (55,10,'Se1/1','172.16.3.37','Serial1/1','','to LAT');
INSERT INTO snmp_cache VALUES (30,69,'ds3 1-1-16','','Chanelize T3 Slot 1/16','','');
INSERT INTO snmp_cache VALUES (30,68,'ds3 1-1-15','','Chanelize T3 Slot 1/15','','');
INSERT INTO snmp_cache VALUES (30,67,'ds3 1-1-14','','Chanelize T3 Slot 1/14','','');
INSERT INTO snmp_cache VALUES (30,66,'ds3 1-1-13','','Chanelize T3 Slot 1/13','','');
INSERT INTO snmp_cache VALUES (30,65,'ds3 1-1-12','','Chanelize T3 Slot 1/12','','');
INSERT INTO snmp_cache VALUES (98,41,'Vt1','','Virtual-Template1','','');
INSERT INTO snmp_cache VALUES (98,39,'AT2/0/0.3','','ATM2/0/0.3-atm subif','','Verizon DSL to harrisburg redback #3');
INSERT INTO snmp_cache VALUES (98,40,'AT2/0/0.3','','ATM2/0/0.3-aal5 layer','','Verizon DSL to harrisburg redback #3');
INSERT INTO snmp_cache VALUES (105,21,'Fa0/20','','FastEthernet0/20','0:d0:ba:cc:c9:56','');
INSERT INTO snmp_cache VALUES (105,20,'Fa0/19','','FastEthernet0/19','0:d0:ba:cc:c9:55','');
INSERT INTO snmp_cache VALUES (105,19,'Fa0/18','','FastEthernet0/18','0:d0:ba:cc:c9:54','');
INSERT INTO snmp_cache VALUES (55,9,'Se1/0','172.16.3.21','Serial1/0','','EDS T1-#1 HR/HCGA/000762//HTJ/HRBG2200');
INSERT INTO snmp_cache VALUES (55,8,'Se0/7','172.16.3.25','Serial0/7','','to eds HR/HCGA/000783/001/HTJ/HRBG2238');
INSERT INTO snmp_cache VALUES (23,25,'ds3 1-1-17','','Chanelize T3 Slot 1/17','','');
INSERT INTO snmp_cache VALUES (23,24,'ds3 1-1-16','','Chanelize T3 Slot 1/16','','');
INSERT INTO snmp_cache VALUES (23,23,'ds3 1-1-15','','Chanelize T3 Slot 1/15','','');
INSERT INTO snmp_cache VALUES (23,22,'ds3 1-1-14','','Chanelize T3 Slot 1/14','','');
INSERT INTO snmp_cache VALUES (23,21,'ds3 1-1-13','','Chanelize T3 Slot 1/13','','');
INSERT INTO snmp_cache VALUES (23,20,'ds3 1-1-12','','Chanelize T3 Slot 1/12','','');
INSERT INTO snmp_cache VALUES (23,19,'ds3 1-1-11','','Chanelize T3 Slot 1/11','','');
INSERT INTO snmp_cache VALUES (23,18,'ds3 1-1-10','','Chanelize T3 Slot 1/10','','');
INSERT INTO snmp_cache VALUES (23,17,'ds3 1-1-9','','Chanelize T3 Slot 1/9','','');
INSERT INTO snmp_cache VALUES (23,15,'ds3 1-1-7','','Chanelize T3 Slot 1/7','','');
INSERT INTO snmp_cache VALUES (23,16,'ds3 1-1-8','','Chanelize T3 Slot 1/8','','');
INSERT INTO snmp_cache VALUES (81,2,'','172.16.0.6','Frame Relay Driver','','');
INSERT INTO snmp_cache VALUES (81,1,'','206.228.66.129','Ethernet Driver','0:0:6d:0:66:4b','');
INSERT INTO snmp_cache VALUES (43,4,'bh','127.0.0.3','Black Hole','','');
INSERT INTO snmp_cache VALUES (43,5,'wanabe','','Inactive','','');
INSERT INTO snmp_cache VALUES (43,2,'lo','127.0.0.1','Loopback','','');
INSERT INTO snmp_cache VALUES (43,3,'rj','127.0.0.2','Reject','','');
INSERT INTO snmp_cache VALUES (43,1,'ie 1-17-1','','Ethernet Shelf 17/1','0:d0:52:1:36:ab','');
INSERT INTO snmp_cache VALUES (30,89,'ie 1-3-4','10.0.1.3','Ethernet Slot 3/4','0:c0:7b:8a:88:5b','');
INSERT INTO snmp_cache VALUES (30,88,'ie 1-3-3','','Ethernet Slot 3/3','0:c0:7b:8a:88:5a','');
INSERT INTO snmp_cache VALUES (30,87,'ie 1-3-2','','Ethernet Slot 3/2','0:c0:7b:8a:88:59','');
INSERT INTO snmp_cache VALUES (30,86,'ie 1-3-1','','Ethernet Slot 3/1','0:c0:7b:8a:88:58','');
INSERT INTO snmp_cache VALUES (39,2,'lo','127.0.0.1','Loopback','','');
INSERT INTO snmp_cache VALUES (39,1,'ie 1-17-1','','Ethernet Shelf 17/1','0:c0:7b:81:ee:a3','');
INSERT INTO snmp_cache VALUES (45,29,'ds1 1-3-1','','Chanelize T1 Slot 3/1','','');
INSERT INTO snmp_cache VALUES (43,45,'ds1 1-1-5','','Channelized T1 Slot 1/5','','');
INSERT INTO snmp_cache VALUES (43,46,'ds1 1-1-6','','Channelized T1 Slot 1/6','','');
INSERT INTO snmp_cache VALUES (43,47,'ds1 1-1-7','','Channelized T1 Slot 1/7','','');
INSERT INTO snmp_cache VALUES (43,48,'ds1 1-1-8','','Channelized T1 Slot 1/8','','');
INSERT INTO snmp_cache VALUES (139,51,'','','Matrix Port 1','0:20:48:4a:a4:f','');
INSERT INTO snmp_cache VALUES (107,223,'2/3','','utp ethernet','0:60:47:cc:9a:6a','');
INSERT INTO snmp_cache VALUES (55,28,'Nu0','','Null0','','');
INSERT INTO snmp_cache VALUES (45,27,'ds1 1-2-7','','Chanelize T1 Slot 2/7','','');
INSERT INTO snmp_cache VALUES (45,20,'ds1 1-4-4','','Chanelize T1 Slot 4/4','','');
INSERT INTO snmp_cache VALUES (45,21,'ds1 1-2-1','','Chanelize T1 Slot 2/1','','');
INSERT INTO snmp_cache VALUES (45,22,'ds1 1-2-2','','Chanelize T1 Slot 2/2','','');
INSERT INTO snmp_cache VALUES (45,23,'ds1 1-2-3','','Chanelize T1 Slot 2/3','','');
INSERT INTO snmp_cache VALUES (45,24,'ds1 1-2-4','','Chanelize T1 Slot 2/4','','');
INSERT INTO snmp_cache VALUES (32,24,'uart 1-17-2','','Console Port 17/2','','');
INSERT INTO snmp_cache VALUES (45,28,'ds1 1-2-8','','Chanelize T1 Slot 2/8','','');
INSERT INTO snmp_cache VALUES (32,23,'multi','','Multi Cast','','');
INSERT INTO snmp_cache VALUES (32,22,'ds1 1-2-8','','Channelized T1 Slot 2/8','','');
INSERT INTO snmp_cache VALUES (32,21,'ds1 1-2-7','','Channelized T1 Slot 2/7','','');
INSERT INTO snmp_cache VALUES (32,20,'ds1 1-2-6','','Channelized T1 Slot 2/6','','');
INSERT INTO snmp_cache VALUES (32,19,'ds1 1-2-5','','Channelized T1 Slot 2/5','','');
INSERT INTO snmp_cache VALUES (32,17,'ds1 1-2-3','','Channelized T1 Slot 2/3','','');
INSERT INTO snmp_cache VALUES (32,18,'ds1 1-2-4','','Channelized T1 Slot 2/4','','');
INSERT INTO snmp_cache VALUES (107,222,'2/2','','utp ethernet','0:60:47:cc:9a:69','');
INSERT INTO snmp_cache VALUES (107,221,'2/1','','utp ethernet','0:60:47:cc:9a:68','');
INSERT INTO snmp_cache VALUES (107,196,'4/24','','utp ethernet','0:e0:14:9e:83:ff','');
INSERT INTO snmp_cache VALUES (107,195,'4/23','','utp ethernet','0:e0:14:9e:83:fe','');
INSERT INTO snmp_cache VALUES (107,194,'4/22','','utp ethernet','0:e0:14:9e:83:fd','');
INSERT INTO snmp_cache VALUES (107,193,'4/21','','utp ethernet','0:e0:14:9e:83:fc','');
INSERT INTO snmp_cache VALUES (107,192,'4/20','','utp ethernet','0:e0:14:9e:83:fb','');
INSERT INTO snmp_cache VALUES (107,191,'4/19','','utp ethernet','0:e0:14:9e:83:fa','');
INSERT INTO snmp_cache VALUES (107,190,'4/18','','utp ethernet','0:e0:14:9e:83:f9','');
INSERT INTO snmp_cache VALUES (107,154,'3/6','','utp ethernet','0:e0:1e:46:e2:cd','');
INSERT INTO snmp_cache VALUES (101,25,'AUI','','AUI','0:d0:ba:b3:31:59','');
INSERT INTO snmp_cache VALUES (101,24,'24','','24','0:d0:ba:b3:31:58','');
INSERT INTO snmp_cache VALUES (101,23,'23','','23','0:d0:ba:b3:31:57','');
INSERT INTO snmp_cache VALUES (120,86,'ds1 1-2-28','','Channelized T3 Slot 2/28','','');
INSERT INTO snmp_cache VALUES (107,1,'sc0','206.228.67.254','sc0','0:60:47:da:7e:ff','');
INSERT INTO snmp_cache VALUES (107,2,'sl0','0.0.0.0','sl0','0:0:0:0:0:0','');
INSERT INTO snmp_cache VALUES (107,3,'1/1','','multi mode fiber fast ethernet','0:60:47:da:7e:fe','');
INSERT INTO snmp_cache VALUES (107,4,'1/2','','multi mode fiber fast ethernet','0:60:47:da:7e:fd','');
INSERT INTO snmp_cache VALUES (107,149,'3/1','','utp ethernet','0:e0:1e:46:e2:c8','');
INSERT INTO snmp_cache VALUES (107,150,'3/2','','utp ethernet','0:e0:1e:46:e2:c9','');
INSERT INTO snmp_cache VALUES (107,151,'3/3','','utp ethernet','0:e0:1e:46:e2:ca','');
INSERT INTO snmp_cache VALUES (107,152,'3/4','','utp ethernet','0:e0:1e:46:e2:cb','');
INSERT INTO snmp_cache VALUES (107,153,'3/5','','utp ethernet','0:e0:1e:46:e2:cc','');
INSERT INTO snmp_cache VALUES (98,38,'AT2/0/0.2','','ATM2/0/0.2-aal5 layer','','Verizon DSL to harrisburg redback #1');
INSERT INTO snmp_cache VALUES (98,37,'AT2/0/0.2','','ATM2/0/0.2-atm subif','','Verizon DSL to harrisburg redback #1');
INSERT INTO snmp_cache VALUES (98,36,'AT2/0/0.1','141.151.199.34','ATM2/0/0.1-aal5 layer','','Bell Atlantic Internet Solutions');
INSERT INTO snmp_cache VALUES (98,35,'AT2/0/0.1','','ATM2/0/0.1-atm subif','','Bell Atlantic Internet Solutions');
INSERT INTO snmp_cache VALUES (98,34,'Tu7','172.20.1.53','Tunnel7','','tunnel to trvs1');
INSERT INTO snmp_cache VALUES (98,33,'Tu6','172.20.1.49','Tunnel6','','tunnel to stcg1');
INSERT INTO snmp_cache VALUES (93,25,'Tu2','172.20.1.38','Tunnel2','','tunnel to tc1.rtr');
INSERT INTO snmp_cache VALUES (93,23,'Tu1','172.20.1.21','Tunnel1','','tunnel to wlksbrr1.rtr');
INSERT INTO snmp_cache VALUES (93,15,'Se1/6','','Serial1/6','','');
INSERT INTO snmp_cache VALUES (105,18,'Fa0/17','','FastEthernet0/17','0:d0:ba:cc:c9:53','');
INSERT INTO snmp_cache VALUES (105,17,'Fa0/16','','FastEthernet0/16','0:d0:ba:cc:c9:51','');
INSERT INTO snmp_cache VALUES (105,16,'Fa0/15','','FastEthernet0/15','0:d0:ba:cc:c9:50','');
INSERT INTO snmp_cache VALUES (105,15,'Fa0/14','','FastEthernet0/14','0:d0:ba:cc:c9:4f','');
INSERT INTO snmp_cache VALUES (120,87,'ds1 1-4-1','','Channelized T1 Slot 4/1','','');
INSERT INTO snmp_cache VALUES (120,5,'wanabe','','Inactive','','');
INSERT INTO snmp_cache VALUES (120,6,'local','','Local','','');
INSERT INTO snmp_cache VALUES (96,89,'ds3 1-2-20','','Chanelize T3 Slot 2/20','','');
INSERT INTO snmp_cache VALUES (139,45,'','','Internal','0:20:48:4a:a3:f5','');
INSERT INTO snmp_cache VALUES (139,24,'','','Port 24','0:20:48:4a:a4:d','');
INSERT INTO snmp_cache VALUES (139,23,'','','Port 23','0:20:48:4a:a4:c','');
INSERT INTO snmp_cache VALUES (139,22,'','','Port 22','0:20:48:4a:a4:b','');
INSERT INTO snmp_cache VALUES (139,21,'','','Port 21','0:20:48:4a:a4:a','');
INSERT INTO snmp_cache VALUES (139,20,'','','Port 20','0:20:48:4a:a4:9','');
INSERT INTO snmp_cache VALUES (139,19,'','','Port 19','0:20:48:4a:a4:8','');
INSERT INTO snmp_cache VALUES (139,18,'','','Port 18','0:20:48:4a:a4:7','');
INSERT INTO snmp_cache VALUES (139,17,'','','Port 17','0:20:48:4a:a4:6','');
INSERT INTO snmp_cache VALUES (61,2,'','206.228.70.57','Ethernet1','0:0:c:5d:95:cb','');
INSERT INTO snmp_cache VALUES (61,1,'','10.0.7.1','Ethernet0','0:0:c:5d:95:ca','');
INSERT INTO snmp_cache VALUES (22,40,'ds1 1-15-8','','Channelized T1 Slot 15/8','','');
INSERT INTO snmp_cache VALUES (22,39,'ds1 1-15-7','','Channelized T1 Slot 15/7','','');
INSERT INTO snmp_cache VALUES (22,38,'ds1 1-15-6','','Channelized T1 Slot 15/6','','');
INSERT INTO snmp_cache VALUES (22,37,'ds1 1-15-5','','Channelized T1 Slot 15/5','','');
INSERT INTO snmp_cache VALUES (106,33,'2/25','','10/100 utp ethernet (cat 3/5)','0:3:9f:ea:df:b6','');
INSERT INTO snmp_cache VALUES (106,32,'2/24','','10/100 utp ethernet (cat 3/5)','0:3:9f:ea:df:b5','');
INSERT INTO snmp_cache VALUES (83,14,'','','bridge0','','');
INSERT INTO snmp_cache VALUES (83,13,'','','enc3','','');
INSERT INTO snmp_cache VALUES (83,12,'','','enc2','','');
INSERT INTO snmp_cache VALUES (83,11,'','','enc1','','');
INSERT INTO snmp_cache VALUES (83,10,'','','enc0','','');
INSERT INTO snmp_cache VALUES (83,9,'','','tun1','','');
INSERT INTO snmp_cache VALUES (83,8,'','','tun0','','');
INSERT INTO snmp_cache VALUES (83,7,'','','ppp1','','');
INSERT INTO snmp_cache VALUES (83,6,'','','ppp0','','');
INSERT INTO snmp_cache VALUES (83,5,'','','sl1','','');
INSERT INTO snmp_cache VALUES (83,4,'','','sl0','','');
INSERT INTO snmp_cache VALUES (83,3,'','206.228.67.35','rl0','0:e0:7d:7e:15:5','');
INSERT INTO snmp_cache VALUES (83,2,'','','lo1','','');
INSERT INTO snmp_cache VALUES (83,1,'','127.0.0.1','lo0','','');
INSERT INTO snmp_cache VALUES (59,4,'','','Serial1','','');
INSERT INTO snmp_cache VALUES (23,49,'ds1 1-15-4','','Chanelize T1 Slot 15/4','','');
INSERT INTO snmp_cache VALUES (23,47,'ds1 1-15-2','','Chanelize T1 Slot 15/2','','');
INSERT INTO snmp_cache VALUES (107,189,'4/17','','utp ethernet','0:e0:14:9e:83:f8','');
INSERT INTO snmp_cache VALUES (107,188,'4/16','','utp ethernet','0:e0:14:9e:83:f7','');
INSERT INTO snmp_cache VALUES (107,187,'4/15','','utp ethernet','0:e0:14:9e:83:f6','');
INSERT INTO snmp_cache VALUES (107,186,'4/14','','utp ethernet','0:e0:14:9e:83:f5','');
INSERT INTO snmp_cache VALUES (107,185,'4/13','','utp ethernet','0:e0:14:9e:83:f4','');
INSERT INTO snmp_cache VALUES (107,184,'4/12','','utp ethernet','0:e0:14:9e:83:f3','');
INSERT INTO snmp_cache VALUES (107,183,'4/11','','utp ethernet','0:e0:14:9e:83:f2','');
INSERT INTO snmp_cache VALUES (107,182,'4/10','','utp ethernet','0:e0:14:9e:83:f1','');
INSERT INTO snmp_cache VALUES (107,181,'4/9','','utp ethernet','0:e0:14:9e:83:f0','');
INSERT INTO snmp_cache VALUES (104,25,'Fa0/24','','FastEthernet0/24','0:d0:58:38:14:1a','chm1.rtr.pa.net - c7500');
INSERT INTO snmp_cache VALUES (104,24,'Fa0/23','','FastEthernet0/23','0:d0:58:38:14:19','chm9.franklin.pa.net - tnt');
INSERT INTO snmp_cache VALUES (96,48,'ds3 1-4-7','','Chanelize T3 Slot 4/7','','');
INSERT INTO snmp_cache VALUES (96,49,'ds3 1-4-8','','Chanelize T3 Slot 4/8','','');
INSERT INTO snmp_cache VALUES (96,47,'ds3 1-4-6','','Chanelize T3 Slot 4/6','','');
INSERT INTO snmp_cache VALUES (147,2,'','206.228.67.18','eth0','0:d0:b7:72:2a:de','');
INSERT INTO snmp_cache VALUES (30,64,'ds3 1-1-11','','Chanelize T3 Slot 1/11','','');
INSERT INTO snmp_cache VALUES (23,14,'ds3 1-1-6','','Chanelize T3 Slot 1/6','','');
INSERT INTO snmp_cache VALUES (126,30,'D6','','D6','0:30:c1:49:12:62','');
INSERT INTO snmp_cache VALUES (126,29,'D5','','D5','0:30:c1:49:12:63','');
INSERT INTO snmp_cache VALUES (126,28,'D4','','D4','0:30:c1:49:12:64','');
INSERT INTO snmp_cache VALUES (68,19,'Fa0/18','','FastEthernet0/18','0:50:80:5a:bb:12','KML Productions');
INSERT INTO snmp_cache VALUES (68,20,'Fa0/19','','FastEthernet0/19','0:50:80:5a:bb:13','ns1.pawireless.com');
INSERT INTO snmp_cache VALUES (56,24,'Nu0','','Null0','','');
INSERT INTO snmp_cache VALUES (44,36,'ie 1-1-3','','Ethernet Slot 1/3','0:c0:7b:8e:8f:a','');
INSERT INTO snmp_cache VALUES (44,35,'ie 1-1-2','192.168.1.224','Ethernet Slot 1/2','0:c0:7b:8e:8f:9','');
INSERT INTO snmp_cache VALUES (44,34,'ie 1-1-1','204.97.240.7','Ethernet Slot 1/1','0:c0:7b:8e:8f:8','');
INSERT INTO snmp_cache VALUES (44,29,'ds1 1-2-8','','Channelized T1 Slot 2/8','','');
INSERT INTO snmp_cache VALUES (22,36,'ds1 1-15-4','','Channelized T1 Slot 15/4','','');
INSERT INTO snmp_cache VALUES (22,35,'ds1 1-15-3','','Channelized T1 Slot 15/3','','');
INSERT INTO snmp_cache VALUES (22,34,'ds1 1-15-2','','Channelized T1 Slot 15/2','','');
INSERT INTO snmp_cache VALUES (22,33,'ds1 1-15-1','','Channelized T1 Slot 15/1','','');
INSERT INTO snmp_cache VALUES (68,18,'Fa0/17','','FastEthernet0/17','0:50:80:5a:bb:11','');
INSERT INTO snmp_cache VALUES (55,7,'Se0/6','172.16.5.18','Serial0/6','','to trindle commons - HR.HCGA.000994.001/13HCGS514247');
INSERT INTO snmp_cache VALUES (55,5,'Se0/4','172.16.3.17','Serial0/4','','Holy Spirit Hospital HR/HCGA/000782//HTJ/HRBG2236');
INSERT INTO snmp_cache VALUES (55,6,'Se0/5','206.228.70.37','Serial0/5','','T1 to kci technologies.');
INSERT INTO snmp_cache VALUES (55,3,'Se0/2','209.158.235.26','Serial0/2','','to Verizon');
INSERT INTO snmp_cache VALUES (55,4,'Se0/3','209.158.235.30','Serial0/3','','to Verizon');
INSERT INTO snmp_cache VALUES (104,23,'Fa0/22','','FastEthernet0/22','0:d0:58:38:14:18','chm11.franklin.pa.net - pm3');
INSERT INTO snmp_cache VALUES (104,22,'Fa0/21','','FastEthernet0/21','0:d0:58:38:14:17','chm3.rtr.pa.net - 3600 cisco');
INSERT INTO snmp_cache VALUES (104,21,'Fa0/20','','FastEthernet0/20','0:d0:58:38:14:16','');
INSERT INTO snmp_cache VALUES (23,45,'ds1 1-2-8','','Chanelize T1 Slot 2/8','','');
INSERT INTO snmp_cache VALUES (23,46,'ds1 1-15-1','','Chanelize T1 Slot 15/1','','');
INSERT INTO snmp_cache VALUES (23,44,'ds1 1-2-7','','Chanelize T1 Slot 2/7','','');
INSERT INTO snmp_cache VALUES (104,20,'Fa0/19','','FastEthernet0/19','0:d0:58:38:14:15','');
INSERT INTO snmp_cache VALUES (98,32,'Tu5','172.20.1.45','Tunnel5','','tunnel to crl2.rtr');
INSERT INTO snmp_cache VALUES (98,31,'Tu4','172.20.1.41','Tunnel4','','tunnel to nwb1.');
INSERT INTO snmp_cache VALUES (98,30,'Tu3','172.20.1.37','Tunnel3','','tunnel to lmn1');
INSERT INTO snmp_cache VALUES (98,29,'Tu2','172.20.1.34','Tunnel2','','tun to hyp1.rtr');
INSERT INTO snmp_cache VALUES (98,28,'Tu1','172.20.1.25','Tunnel1','','tunnel to nittanylink');
INSERT INTO snmp_cache VALUES (98,27,'Tu0','172.20.1.17','Tunnel0','','tunnel to plns1.rtr');
INSERT INTO snmp_cache VALUES (98,22,'AT2/0/0','','ATM2/0/0-aal5 layer','','');
INSERT INTO snmp_cache VALUES (22,32,'ds1 1-14-8','','Channelized T1 Slot 14/8','','');
INSERT INTO snmp_cache VALUES (22,31,'ds1 1-14-7','','Channelized T1 Slot 14/7','','');
INSERT INTO snmp_cache VALUES (22,30,'ds1 1-14-6','','Channelized T1 Slot 14/6','','');
INSERT INTO snmp_cache VALUES (30,63,'ds3 1-1-10','','Chanelize T3 Slot 1/10','','');
INSERT INTO snmp_cache VALUES (47,24,'Tu2','172.20.1.9','Tunnel2','','tunnel to nwb1.rtr');
INSERT INTO snmp_cache VALUES (44,28,'ds1 1-2-7','','Channelized T1 Slot 2/7','','');
INSERT INTO snmp_cache VALUES (44,27,'ds1 1-2-6','','Channelized T1 Slot 2/6','','');
INSERT INTO snmp_cache VALUES (44,26,'ds1 1-2-5','','Channelized T1 Slot 2/5','','');
INSERT INTO snmp_cache VALUES (44,25,'ds1 1-2-4','','Channelized T1 Slot 2/4','','');
INSERT INTO snmp_cache VALUES (44,24,'ds1 1-2-3','','Channelized T1 Slot 2/3','','');
INSERT INTO snmp_cache VALUES (44,22,'ds1 1-2-1','','Channelized T1 Slot 2/1','','');
INSERT INTO snmp_cache VALUES (44,23,'ds1 1-2-2','','Channelized T1 Slot 2/2','','');
INSERT INTO snmp_cache VALUES (44,17,'ds1 1-8-8','','Channelized T1 Slot 8/8','','');
INSERT INTO snmp_cache VALUES (44,16,'ds1 1-8-7','','Channelized T1 Slot 8/7','','');
INSERT INTO snmp_cache VALUES (44,15,'ds1 1-8-6','','Channelized T1 Slot 8/6','','');
INSERT INTO snmp_cache VALUES (44,14,'ds1 1-8-5','','Channelized T1 Slot 8/5','','');
INSERT INTO snmp_cache VALUES (44,13,'ds1 1-8-4','','Channelized T1 Slot 8/4','','');
INSERT INTO snmp_cache VALUES (107,174,'4/2','','utp ethernet','0:e0:14:9e:83:e9','');
INSERT INTO snmp_cache VALUES (107,173,'4/1','','utp ethernet','0:e0:14:9e:83:e8','');
INSERT INTO snmp_cache VALUES (107,172,'3/24','','utp ethernet','0:e0:1e:46:e2:df','');
INSERT INTO snmp_cache VALUES (107,170,'3/22','','utp ethernet','0:e0:1e:46:e2:dd','');
INSERT INTO snmp_cache VALUES (107,171,'3/23','','utp ethernet','0:e0:1e:46:e2:de','');
INSERT INTO snmp_cache VALUES (107,169,'3/21','','utp ethernet','0:e0:1e:46:e2:dc','');
INSERT INTO snmp_cache VALUES (107,167,'3/19','','utp ethernet','0:e0:1e:46:e2:da','');
INSERT INTO snmp_cache VALUES (107,168,'3/20','','utp ethernet','0:e0:1e:46:e2:db','');
INSERT INTO snmp_cache VALUES (107,166,'3/18','','utp ethernet','0:e0:1e:46:e2:d9','');
INSERT INTO snmp_cache VALUES (98,25,'Lo0','206.228.68.121','Loopback0','','');
INSERT INTO snmp_cache VALUES (128,2,'','206.228.67.19','eth0','0:d0:b7:3c:75:e0','');
INSERT INTO snmp_cache VALUES (128,1,'','127.0.0.1','lo','','');
INSERT INTO snmp_cache VALUES (30,62,'ds3 1-1-9','','Chanelize T3 Slot 1/9','','');
INSERT INTO snmp_cache VALUES (30,61,'ds3 1-1-8','','Chanelize T3 Slot 1/8','','');
INSERT INTO snmp_cache VALUES (30,60,'ds3 1-1-7','','Chanelize T3 Slot 1/7','','');
INSERT INTO snmp_cache VALUES (30,59,'ds3 1-1-6','','Chanelize T3 Slot 1/6','','');
INSERT INTO snmp_cache VALUES (30,58,'ds3 1-1-5','','Chanelize T3 Slot 1/5','','');
INSERT INTO snmp_cache VALUES (30,57,'ds3 1-1-4','','Chanelize T3 Slot 1/4','','');
INSERT INTO snmp_cache VALUES (98,26,'Lo1','66.59.109.1','Loopback1','','');
INSERT INTO snmp_cache VALUES (98,23,'AT2/0/0','','ATM2/0/0.0-aal5 layer','','ATM Capital 13.HFGJ.000010..PA');
INSERT INTO snmp_cache VALUES (132,2,'','206.228.67.20','eth0','0:d0:b7:df:9f:49','');
INSERT INTO snmp_cache VALUES (132,1,'','127.0.0.1','lo','','');
INSERT INTO snmp_cache VALUES (106,31,'2/23','','10/100 utp ethernet (cat 3/5)','0:3:9f:ea:df:b4','');
INSERT INTO snmp_cache VALUES (106,30,'2/22','','10/100 utp ethernet (cat 3/5)','0:3:9f:ea:df:b3','');
INSERT INTO snmp_cache VALUES (106,29,'2/21','','10/100 utp ethernet (cat 3/5)','0:3:9f:ea:df:b2','');
INSERT INTO snmp_cache VALUES (106,28,'2/20','','10/100 utp ethernet (cat 3/5)','0:3:9f:ea:df:b1','');
INSERT INTO snmp_cache VALUES (93,21,'Lo0','206.228.68.120','Loopback0','','');
INSERT INTO snmp_cache VALUES (93,20,'Se0/0.1','67.96.90.238','Serial0/0.1','','BroadWing FRT1/0040112306');
INSERT INTO snmp_cache VALUES (93,19,'Tu0','172.20.1.14','Tunnel0','','to crl2.rtr');
INSERT INTO snmp_cache VALUES (93,18,'Nu0','','Null0','','');
INSERT INTO snmp_cache VALUES (93,17,'Fa6/0','10.0.8.1','FastEthernet6/0','0:60:70:31:28:c0','');
INSERT INTO snmp_cache VALUES (22,29,'ds1 1-14-5','','Channelized T1 Slot 14/5','','');
INSERT INTO snmp_cache VALUES (92,30,'ds1 1-3-2','','Chanelize T1 Slot 3/2','','');
INSERT INTO snmp_cache VALUES (22,28,'ds1 1-14-4','','Channelized T1 Slot 14/4','','');
INSERT INTO snmp_cache VALUES (22,27,'ds1 1-14-3','','Channelized T1 Slot 14/3','','');
INSERT INTO snmp_cache VALUES (22,25,'ds1 1-14-1','','Channelized T1 Slot 14/1','','');
INSERT INTO snmp_cache VALUES (22,26,'ds1 1-14-2','','Channelized T1 Slot 14/2','','');
INSERT INTO snmp_cache VALUES (22,24,'ds1 1-2-8','','Channelized T1 Slot 2/8','','');
INSERT INTO snmp_cache VALUES (22,23,'ds1 1-2-7','','Channelized T1 Slot 2/7','','');
INSERT INTO snmp_cache VALUES (22,20,'ds1 1-2-4','','Channelized T1 Slot 2/4','','');
INSERT INTO snmp_cache VALUES (22,22,'ds1 1-2-6','','Channelized T1 Slot 2/6','','');
INSERT INTO snmp_cache VALUES (93,16,'Se1/7','','Serial1/7','','');
INSERT INTO snmp_cache VALUES (93,14,'Se1/5','','Serial1/5','','');
INSERT INTO snmp_cache VALUES (93,13,'Se1/4','','Serial1/4','','');
INSERT INTO snmp_cache VALUES (93,12,'Se1/3','','Serial1/3','','');
INSERT INTO snmp_cache VALUES (93,11,'Se1/2','','Serial1/2','','');
INSERT INTO snmp_cache VALUES (93,10,'Se1/1','','Serial1/1','','');
INSERT INTO snmp_cache VALUES (93,9,'Se1/0','172.16.6.1','Serial1/0','','to dynkepro CTSI DS1-8816 / Verizon 37HCGS207747');
INSERT INTO snmp_cache VALUES (93,7,'Se0/6','','Serial0/6','','');
INSERT INTO snmp_cache VALUES (93,8,'Se0/7','','Serial0/7','','');
INSERT INTO snmp_cache VALUES (93,5,'Se0/4','','Serial0/4','','');
INSERT INTO snmp_cache VALUES (93,6,'Se0/5','','Serial0/5','','');
INSERT INTO snmp_cache VALUES (93,4,'Se0/3','','Serial0/3','','');
INSERT INTO snmp_cache VALUES (93,3,'Se0/2','172.16.5.2','Serial0/2','','to TrindleCommons / CTSI DS1-8530');
INSERT INTO snmp_cache VALUES (93,2,'Se0/1','172.16.5.6','Serial0/1','','to TrindleCommons / CTSI DS1-8529');
INSERT INTO snmp_cache VALUES (93,1,'Se0/0','','Serial0/0','','Verizon T1/13hcgs513937');
INSERT INTO snmp_cache VALUES (92,36,'ds1 1-3-8','','Chanelize T1 Slot 3/8','','');
INSERT INTO snmp_cache VALUES (92,35,'ds1 1-3-7','','Chanelize T1 Slot 3/7','','');
INSERT INTO snmp_cache VALUES (92,34,'ds1 1-3-6','','Chanelize T1 Slot 3/6','','');
INSERT INTO snmp_cache VALUES (92,33,'ds1 1-3-5','','Chanelize T1 Slot 3/5','','');
INSERT INTO snmp_cache VALUES (92,32,'ds1 1-3-4','','Chanelize T1 Slot 3/4','','');
INSERT INTO snmp_cache VALUES (92,31,'ds1 1-3-3','','Chanelize T1 Slot 3/3','','');
INSERT INTO snmp_cache VALUES (105,14,'Fa0/13','','FastEthernet0/13','0:d0:ba:cc:c9:4e','');
INSERT INTO snmp_cache VALUES (105,13,'Fa0/12','','FastEthernet0/12','0:d0:ba:cc:c9:4d','');
INSERT INTO snmp_cache VALUES (53,2,'','206.228.67.49','eth0','0:80:5f:41:3a:3b','');
INSERT INTO snmp_cache VALUES (53,1,'','127.0.0.1','lo','','');
INSERT INTO snmp_cache VALUES (97,2,'','206.228.67.9','eth0','0:90:27:86:98:7','');
INSERT INTO snmp_cache VALUES (97,1,'','127.0.0.1','lo','','');
INSERT INTO snmp_cache VALUES (22,21,'ds1 1-2-5','','Channelized T1 Slot 2/5','','');
INSERT INTO snmp_cache VALUES (58,25,'','172.20.1.42','Tunnel1','','');
INSERT INTO snmp_cache VALUES (58,24,'','172.20.1.10','Tunnel0','','');
INSERT INTO snmp_cache VALUES (58,23,'','206.228.68.118','Loopback0','','');
INSERT INTO snmp_cache VALUES (58,22,'','','Serial2/7','','');
INSERT INTO snmp_cache VALUES (58,21,'','','Serial2/6','','');
INSERT INTO snmp_cache VALUES (58,20,'','','Serial2/5','','');
INSERT INTO snmp_cache VALUES (58,19,'','','Serial2/4','','');
INSERT INTO snmp_cache VALUES (58,18,'','','Serial2/3','','');
INSERT INTO snmp_cache VALUES (58,17,'','','Serial2/2','','');
INSERT INTO snmp_cache VALUES (58,16,'','172.16.5.13','Serial2/1','','');
INSERT INTO snmp_cache VALUES (58,14,'','','Serial1/7','','');
INSERT INTO snmp_cache VALUES (58,15,'','172.16.5.9','Serial2/0','','');
INSERT INTO snmp_cache VALUES (58,13,'','','Serial1/6','','');
INSERT INTO snmp_cache VALUES (58,12,'','12.119.255.210','Serial1/5','','');
INSERT INTO snmp_cache VALUES (58,11,'','','Serial1/4','','');
INSERT INTO snmp_cache VALUES (38,44,'ie 1-1-4','','Ethernet Slot 1/4','0:c0:7b:8a:f2:bb','');
INSERT INTO snmp_cache VALUES (38,42,'ie 1-1-2','','Ethernet Slot 1/2','0:c0:7b:8a:f2:b9','');
INSERT INTO snmp_cache VALUES (38,43,'ie 1-1-3','','Ethernet Slot 1/3','0:c0:7b:8a:f2:ba','');
INSERT INTO snmp_cache VALUES (69,20,'Fa0/19','','FastEthernet0/19','0:b0:64:27:da:15','raq2.pa.net');
INSERT INTO snmp_cache VALUES (69,21,'Fa0/20','','FastEthernet0/20','0:b0:64:27:da:16','');
INSERT INTO snmp_cache VALUES (69,22,'Fa0/21','','FastEthernet0/21','0:b0:64:27:da:17','');
INSERT INTO snmp_cache VALUES (69,23,'Fa0/22','','FastEthernet0/22','0:b0:64:27:da:18','');
INSERT INTO snmp_cache VALUES (69,24,'Fa0/23','','FastEthernet0/23','0:b0:64:27:da:19','radius0.pa.net');
INSERT INTO snmp_cache VALUES (69,25,'Fa0/24','','FastEthernet0/24','0:b0:64:27:da:1a','user.pa.net');
INSERT INTO snmp_cache VALUES (22,19,'ds1 1-2-3','','Channelized T1 Slot 2/3','','');
INSERT INTO snmp_cache VALUES (22,18,'ds1 1-2-2','','Channelized T1 Slot 2/2','','');
INSERT INTO snmp_cache VALUES (22,17,'ds1 1-2-1','','Channelized T1 Slot 2/1','','');
INSERT INTO snmp_cache VALUES (22,16,'ds1 1-1-8','','Channelized T1 Slot 1/8','','');
INSERT INTO snmp_cache VALUES (22,15,'ds1 1-1-7','','Channelized T1 Slot 1/7','','');
INSERT INTO snmp_cache VALUES (22,14,'ds1 1-1-6','','Channelized T1 Slot 1/6','','');
INSERT INTO snmp_cache VALUES (22,12,'ds1 1-1-4','','Channelized T1 Slot 1/4','','');
INSERT INTO snmp_cache VALUES (45,26,'ds1 1-2-6','','Chanelize T1 Slot 2/6','','');
INSERT INTO snmp_cache VALUES (68,17,'Fa0/16','','FastEthernet0/16','0:50:80:5a:bb:10','');
INSERT INTO snmp_cache VALUES (98,24,'Nu0','','Null0','','');
INSERT INTO snmp_cache VALUES (126,32,'D8','','D8','0:30:c1:49:12:60','');
INSERT INTO snmp_cache VALUES (38,41,'ie 1-1-1','206.228.70.212','Ethernet Slot 1/1','0:c0:7b:8a:f2:b8','');
INSERT INTO snmp_cache VALUES (56,21,'Se3/5','144.228.167.206','Serial3/5','','T1 to SprintIP (2 of 4)');
INSERT INTO snmp_cache VALUES (56,22,'Se3/6','144.228.167.210','Serial3/6','','T1 to SprintIP (3 of 4)');
INSERT INTO snmp_cache VALUES (56,23,'Se3/7','144.228.167.214','Serial3/7','','T1 to SprintIP (4 of 4)');
INSERT INTO snmp_cache VALUES (107,179,'4/7','','utp ethernet','0:e0:14:9e:83:ee','');
INSERT INTO snmp_cache VALUES (107,180,'4/8','','utp ethernet','0:e0:14:9e:83:ef','');
INSERT INTO snmp_cache VALUES (107,178,'4/6','','utp ethernet','0:e0:14:9e:83:ed','');
INSERT INTO snmp_cache VALUES (98,21,'AT2/0/0','','ATM2/0/0.0-atm subif','','ATM Capital 13.HFGJ.000010..PA');
INSERT INTO snmp_cache VALUES (58,10,'','12.119.255.202','Serial1/3','','');
INSERT INTO snmp_cache VALUES (58,9,'','172.16.3.5','Serial1/2','','');
INSERT INTO snmp_cache VALUES (58,8,'','172.16.0.17','Serial1/1','','');
INSERT INTO snmp_cache VALUES (72,3,'','0.0.0.0','eth1','0:10:e0:3:47:a4','');
INSERT INTO snmp_cache VALUES (72,2,'','206.228.67.31','eth0','0:10:e0:3:47:a5','');
INSERT INTO snmp_cache VALUES (72,1,'','127.0.0.1','lo','','');
INSERT INTO snmp_cache VALUES (59,3,'','206.228.70.252','Serial0','','');
INSERT INTO snmp_cache VALUES (68,15,'Fa0/14','','FastEthernet0/14','0:50:80:5a:bb:e','Pat\'s DSL');
INSERT INTO snmp_cache VALUES (68,16,'Fa0/15','','FastEthernet0/15','0:50:80:5a:bb:f','crl2.rtr');
INSERT INTO snmp_cache VALUES (45,25,'ds1 1-2-5','','Chanelize T1 Slot 2/5','','');
INSERT INTO snmp_cache VALUES (56,19,'Se3/3','206.228.70.197','Serial3/3','','to chm radio people.');
INSERT INTO snmp_cache VALUES (56,18,'Se3/2','172.16.4.17','Serial3/2','','T1 to Mcconnellsburg');
INSERT INTO snmp_cache VALUES (56,17,'Se3/1','206.228.70.21','Serial3/1','','T1 to Coyle Library 60DHDA257210UDPA');
INSERT INTO snmp_cache VALUES (56,16,'Se3/0','172.16.4.1','Serial3/0','','T1 to chm courthouse 60DHDA237674UDPA');
INSERT INTO snmp_cache VALUES (56,14,'Se2/6','','Serial2/6','','');
INSERT INTO snmp_cache VALUES (56,15,'Se2/7','','Serial2/7','','');
INSERT INTO snmp_cache VALUES (56,13,'Se2/5','','Serial2/5','','');
INSERT INTO snmp_cache VALUES (56,12,'Se2/4','','Serial2/4','','');
INSERT INTO snmp_cache VALUES (56,11,'Se2/3','172.16.5.26','Serial2/3','','t1 to tc1 4DHDA585019UDPA');
INSERT INTO snmp_cache VALUES (56,10,'Se2/2','172.16.5.22','Serial2/2','','t1 to tc1 4DHDA585018UDPA');
INSERT INTO snmp_cache VALUES (56,7,'Fa1/0','10.0.4.1','FastEthernet1/0','0:e0:14:c5:9b:20','');
INSERT INTO snmp_cache VALUES (56,8,'Se2/0','172.16.4.29','Serial2/0','','WASD T1 60DHDA262657');
INSERT INTO snmp_cache VALUES (44,12,'ds1 1-8-3','','Channelized T1 Slot 8/3','','');
INSERT INTO snmp_cache VALUES (44,11,'ds1 1-8-2','','Channelized T1 Slot 8/2','','');
INSERT INTO snmp_cache VALUES (44,10,'ds1 1-8-1','','Channelized T1 Slot 8/1','','');
INSERT INTO snmp_cache VALUES (44,8,'ds1 1-3-7','','Channelized T1 Slot 3/7','','');
INSERT INTO snmp_cache VALUES (44,9,'ds1 1-3-8','','Channelized T1 Slot 3/8','','');
INSERT INTO snmp_cache VALUES (23,42,'ds1 1-2-5','','Chanelize T1 Slot 2/5','','');
INSERT INTO snmp_cache VALUES (107,255,'5/11','','10/100 utp ethernet (cat 3/5)','0:60:47:16:c6:76','');
INSERT INTO snmp_cache VALUES (107,254,'5/10','','10/100 utp ethernet (cat 3/5)','0:60:47:16:c6:75','');
INSERT INTO snmp_cache VALUES (107,253,'5/9','','10/100 utp ethernet (cat 3/5)','0:60:47:16:c6:74','');
INSERT INTO snmp_cache VALUES (101,10,'10','','10','0:d0:ba:b3:31:4a','');
INSERT INTO snmp_cache VALUES (101,11,'11','','11','0:d0:ba:b3:31:4b','');
INSERT INTO snmp_cache VALUES (101,7,'7','','7','0:d0:ba:b3:31:47','');
INSERT INTO snmp_cache VALUES (105,12,'Fa0/11','','FastEthernet0/11','0:d0:ba:cc:c9:4c','');
INSERT INTO snmp_cache VALUES (103,2,'','206.228.67.131','eth0','0:a0:c9:e1:3f:9','');
INSERT INTO snmp_cache VALUES (103,3,'','207.44.90.249','eth1','0:20:35:68:38:cc','');
INSERT INTO snmp_cache VALUES (103,1,'','127.0.0.1','lo','','');
INSERT INTO snmp_cache VALUES (102,2,'','206.228.67.24','eth0','0:a0:c9:31:32:11','');
INSERT INTO snmp_cache VALUES (102,1,'','127.0.0.1','lo','','');
INSERT INTO snmp_cache VALUES (55,1,'Se0/0','172.16.3.13','Serial0/0','','hersha t1 HR/HCGA/000725/HTJ/HRBG2045');
INSERT INTO snmp_cache VALUES (68,14,'Fa0/13','','FastEthernet0/13','0:50:80:5a:bb:d','');
INSERT INTO snmp_cache VALUES (68,13,'Fa0/12','','FastEthernet0/12','0:50:80:5a:bb:c','');
INSERT INTO snmp_cache VALUES (68,12,'Fa0/11','','FastEthernet0/11','0:50:80:5a:bb:b','');
INSERT INTO snmp_cache VALUES (68,11,'Fa0/10','','FastEthernet0/10','0:50:80:5a:bb:a','crl2.rtr.pa.net fa1');
INSERT INTO snmp_cache VALUES (92,29,'ds1 1-3-1','','Chanelize T1 Slot 3/1','','');
INSERT INTO snmp_cache VALUES (92,28,'ds1 1-2-8','','Chanelize T1 Slot 2/8','','');
INSERT INTO snmp_cache VALUES (92,27,'ds1 1-2-7','','Chanelize T1 Slot 2/7','','');
INSERT INTO snmp_cache VALUES (92,26,'ds1 1-2-6','','Chanelize T1 Slot 2/6','','');
INSERT INTO snmp_cache VALUES (89,4231,'Vi71','','Virtual-Access71','','');
INSERT INTO snmp_cache VALUES (89,3927,'Vi52','','Virtual-Access52','','');
INSERT INTO snmp_cache VALUES (89,4118,'Vi2','','Virtual-Access2','','');
INSERT INTO snmp_cache VALUES (89,4214,'Vi16','','Virtual-Access16','','');
INSERT INTO snmp_cache VALUES (89,4226,'Vi54','','Virtual-Access54','','');
INSERT INTO snmp_cache VALUES (104,19,'Fa0/18','','FastEthernet0/18','0:d0:58:38:14:14','');
INSERT INTO snmp_cache VALUES (23,37,'sip','','Soft IP','','');
INSERT INTO snmp_cache VALUES (23,13,'ds3 1-1-5','','Chanelize T3 Slot 1/5','','');
INSERT INTO snmp_cache VALUES (23,12,'ds3 1-1-4','','Chanelize T3 Slot 1/4','','');
INSERT INTO snmp_cache VALUES (23,11,'ds3 1-1-3','','Chanelize T3 Slot 1/3','','');
INSERT INTO snmp_cache VALUES (30,28,'ds1 1-2-8','','Chanelize T1 Slot 2/8','','');
INSERT INTO snmp_cache VALUES (30,27,'ds1 1-2-7','','Chanelize T1 Slot 2/7','','');
INSERT INTO snmp_cache VALUES (30,26,'ds1 1-2-6','','Chanelize T1 Slot 2/6','','');
INSERT INTO snmp_cache VALUES (30,24,'ds1 1-2-4','','Chanelize T1 Slot 2/4','','');
INSERT INTO snmp_cache VALUES (30,25,'ds1 1-2-5','','Chanelize T1 Slot 2/5','','');
INSERT INTO snmp_cache VALUES (101,9,'9','','9','0:d0:ba:b3:31:49','');
INSERT INTO snmp_cache VALUES (22,13,'ds1 1-1-5','','Channelized T1 Slot 1/5','','');
INSERT INTO snmp_cache VALUES (45,19,'ds1 1-4-3','','Chanelize T1 Slot 4/3','','');
INSERT INTO snmp_cache VALUES (44,7,'ds1 1-3-6','','Channelized T1 Slot 3/6','','');
INSERT INTO snmp_cache VALUES (60,2,'','172.16.2.2','Serial0','','');
INSERT INTO snmp_cache VALUES (101,8,'8','','8','0:d0:ba:b3:31:48','');
INSERT INTO snmp_cache VALUES (23,10,'ds3 1-1-2','','Chanelize T3 Slot 1/2','','');
INSERT INTO snmp_cache VALUES (23,9,'ds3 1-1-1','','Chanelize T3 Slot 1/1','','');
INSERT INTO snmp_cache VALUES (89,3926,'Vi36','','Virtual-Access36','','');
INSERT INTO snmp_cache VALUES (23,40,'ds1 1-2-3','','Chanelize T1 Slot 2/3','','');
INSERT INTO snmp_cache VALUES (23,8,'uart 1-17-2','','Console Port 17/2','','');
INSERT INTO snmp_cache VALUES (23,6,'local','','Local','','');
INSERT INTO snmp_cache VALUES (106,27,'2/19','','10/100 utp ethernet (cat 3/5)','0:3:9f:ea:df:b0','');
INSERT INTO snmp_cache VALUES (106,26,'2/18','','10/100 utp ethernet (cat 3/5)','0:3:9f:ea:df:af','');
INSERT INTO snmp_cache VALUES (106,25,'2/17','','10/100 utp ethernet (cat 3/5)','0:3:9f:ea:df:ae','');
INSERT INTO snmp_cache VALUES (106,24,'2/16','','10/100 utp ethernet (cat 3/5)','0:3:9f:ea:df:ad','');
INSERT INTO snmp_cache VALUES (106,23,'2/15','','10/100 utp ethernet (cat 3/5)','0:3:9f:ea:df:ac','');
INSERT INTO snmp_cache VALUES (106,22,'2/14','','10/100 utp ethernet (cat 3/5)','0:3:9f:ea:df:ab','');
INSERT INTO snmp_cache VALUES (106,21,'2/13','','10/100 utp ethernet (cat 3/5)','0:3:9f:ea:df:aa','');
INSERT INTO snmp_cache VALUES (106,20,'2/12','','10/100 utp ethernet (cat 3/5)','0:3:9f:ea:df:a9','');
INSERT INTO snmp_cache VALUES (106,19,'2/11','','10/100 utp ethernet (cat 3/5)','0:3:9f:ea:df:a8','');
INSERT INTO snmp_cache VALUES (106,18,'2/10','','10/100 utp ethernet (cat 3/5)','0:3:9f:ea:df:a7','');
INSERT INTO snmp_cache VALUES (55,2,'Se0/1','209.158.235.22','Serial0/1','','to Verizon');
INSERT INTO snmp_cache VALUES (106,17,'2/9','','10/100 utp ethernet (cat 3/5)','0:3:9f:ea:df:a6','');
INSERT INTO snmp_cache VALUES (106,16,'2/8','','10/100 utp ethernet (cat 3/5)','0:3:9f:ea:df:a5','');
INSERT INTO snmp_cache VALUES (101,6,'6','','6','0:d0:ba:b3:31:46','');
INSERT INTO snmp_cache VALUES (101,5,'5','','5','0:d0:ba:b3:31:45','');
INSERT INTO snmp_cache VALUES (101,4,'4','','4','0:d0:ba:b3:31:44','');
INSERT INTO snmp_cache VALUES (101,3,'3','','3','0:d0:ba:b3:31:43','');
INSERT INTO snmp_cache VALUES (101,1,'1','','1','0:d0:ba:b3:31:41','');
INSERT INTO snmp_cache VALUES (101,2,'2','','2','0:d0:ba:b3:31:42','');
INSERT INTO snmp_cache VALUES (68,28,'Nu0','','Null0','','');
INSERT INTO snmp_cache VALUES (23,7,'multi','','Multi Cast','','');
INSERT INTO snmp_cache VALUES (107,252,'5/8','','10/100 utp ethernet (cat 3/5)','0:60:47:16:c6:73','');
INSERT INTO snmp_cache VALUES (107,251,'5/7','','10/100 utp ethernet (cat 3/5)','0:60:47:16:c6:72','');
INSERT INTO snmp_cache VALUES (107,177,'4/5','','utp ethernet','0:e0:14:9e:83:ec','');
INSERT INTO snmp_cache VALUES (23,4,'bh','127.0.0.3','Black Hole','','');
INSERT INTO snmp_cache VALUES (23,5,'wanabe','','Inactive','','');
INSERT INTO snmp_cache VALUES (23,2,'lo','127.0.0.1','Loopback','','');
INSERT INTO snmp_cache VALUES (47,25,'Tu3','172.20.1.13','Tunnel3','','to lmn1.rtr (in CTSI coloc)');
INSERT INTO snmp_cache VALUES (47,23,'Tu1','172.20.1.5','Tunnel1','','tunnel to hyp1.rtr');
INSERT INTO snmp_cache VALUES (47,22,'Tu0','172.20.1.1','Tunnel0','','tunnel to chm');
INSERT INTO snmp_cache VALUES (47,16,'Se4/5','','Serial4/5','','');
INSERT INTO snmp_cache VALUES (44,6,'ds1 1-3-5','','Channelized T1 Slot 3/5','','');
INSERT INTO snmp_cache VALUES (38,26,'ds1 1-4-1','','Channelized T1 Slot 4/1','','');
INSERT INTO snmp_cache VALUES (22,10,'ds1 1-1-2','','Channelized T1 Slot 1/2','','');
INSERT INTO snmp_cache VALUES (45,18,'ds1 1-4-2','','Chanelize T1 Slot 4/2','','');
INSERT INTO snmp_cache VALUES (45,16,'ds1 1-5-8','','Chanelize T1 Slot 5/8','','');
INSERT INTO snmp_cache VALUES (45,15,'ds1 1-5-7','','Chanelize T1 Slot 5/7','','');
INSERT INTO snmp_cache VALUES (43,44,'ds1 1-1-4','','Channelized T1 Slot 1/4','','');
INSERT INTO snmp_cache VALUES (23,43,'ds1 1-2-6','','Chanelize T1 Slot 2/6','','');
INSERT INTO snmp_cache VALUES (23,41,'ds1 1-2-4','','Chanelize T1 Slot 2/4','','');
INSERT INTO snmp_cache VALUES (92,25,'ds1 1-2-5','','Chanelize T1 Slot 2/5','','');
INSERT INTO snmp_cache VALUES (92,23,'ds1 1-2-3','','Chanelize T1 Slot 2/3','','');
INSERT INTO snmp_cache VALUES (92,24,'ds1 1-2-4','','Chanelize T1 Slot 2/4','','');
INSERT INTO snmp_cache VALUES (104,18,'Fa0/17','','FastEthernet0/17','0:d0:58:38:14:13','');
INSERT INTO snmp_cache VALUES (30,23,'ds1 1-2-3','','Chanelize T1 Slot 2/3','','');
INSERT INTO snmp_cache VALUES (30,22,'ds1 1-2-2','','Chanelize T1 Slot 2/2','','');
INSERT INTO snmp_cache VALUES (30,21,'ds1 1-2-1','','Chanelize T1 Slot 2/1','','');
INSERT INTO snmp_cache VALUES (30,20,'ds3 1-1-3','','Chanelize T3 Slot 1/3','','');
INSERT INTO snmp_cache VALUES (30,19,'ds3 1-1-2','','Chanelize T3 Slot 1/2','','');
INSERT INTO snmp_cache VALUES (30,18,'ds3 1-1-1','','Chanelize T3 Slot 1/1','','');
INSERT INTO snmp_cache VALUES (104,17,'Fa0/16','','FastEthernet0/16','0:d0:58:38:14:11','');
INSERT INTO snmp_cache VALUES (89,3843,'Vi11','','Virtual-Access11','','');
INSERT INTO snmp_cache VALUES (89,3832,'Vi87','','Virtual-Access87','','');
INSERT INTO snmp_cache VALUES (89,3792,'Vi12','','Virtual-Access12','','');
INSERT INTO snmp_cache VALUES (89,3781,'Vi60','','Virtual-Access60','','');
INSERT INTO snmp_cache VALUES (89,3779,'Vi70','','Virtual-Access70','','');
INSERT INTO snmp_cache VALUES (89,3773,'Vi47','','Virtual-Access47','','');
INSERT INTO snmp_cache VALUES (89,3726,'Vi68','','Virtual-Access68','','');
INSERT INTO snmp_cache VALUES (89,3705,'Vi5','','Virtual-Access5','','');
INSERT INTO snmp_cache VALUES (89,3606,'Vi59','','Virtual-Access59','','');
INSERT INTO snmp_cache VALUES (89,3569,'Vi93','','Virtual-Access93','','');
INSERT INTO snmp_cache VALUES (89,3560,'Vi53','','Virtual-Access53','','');
INSERT INTO snmp_cache VALUES (89,3555,'Vi77','','Virtual-Access77','','');
INSERT INTO snmp_cache VALUES (89,3546,'Vi88','','Virtual-Access88','','');
INSERT INTO snmp_cache VALUES (89,3537,'Vi38','','Virtual-Access38','','');
INSERT INTO snmp_cache VALUES (89,14,'Vt1','','Virtual-Template1','','');
INSERT INTO snmp_cache VALUES (38,40,'uart 1-17-2','','Console Port 17/2','','');
INSERT INTO snmp_cache VALUES (106,15,'2/7','','10/100 utp ethernet (cat 3/5)','0:3:9f:ea:df:a4','');
INSERT INTO snmp_cache VALUES (106,14,'2/6','','10/100 utp ethernet (cat 3/5)','0:3:9f:ea:df:a3','');
INSERT INTO snmp_cache VALUES (106,13,'2/5','','10/100 utp ethernet (cat 3/5)','0:3:9f:ea:df:a2','');
INSERT INTO snmp_cache VALUES (106,12,'2/4','','10/100 utp ethernet (cat 3/5)','0:3:9f:ea:df:a1','');
INSERT INTO snmp_cache VALUES (106,11,'2/3','','10/100 utp ethernet (cat 3/5)','0:3:9f:ea:df:a0','');
INSERT INTO snmp_cache VALUES (106,10,'2/2','','10/100 utp ethernet (cat 3/5)','0:3:9f:ea:df:9f','');
INSERT INTO snmp_cache VALUES (106,9,'2/1','','10/100 utp ethernet (cat 3/5)','0:3:9f:ea:df:9e','');
INSERT INTO snmp_cache VALUES (106,8,'VLAN-1003','','VLAN 1003','0:3:9f:ea:df:ea','');
INSERT INTO snmp_cache VALUES (104,16,'Fa0/15','','FastEthernet0/15','0:d0:58:38:14:10','');
INSERT INTO snmp_cache VALUES (104,15,'Fa0/14','','FastEthernet0/14','0:d0:58:38:14:f','');
INSERT INTO snmp_cache VALUES (104,14,'Fa0/13','','FastEthernet0/13','0:d0:58:38:14:e','');
INSERT INTO snmp_cache VALUES (104,13,'Fa0/12','','FastEthernet0/12','0:d0:58:38:14:d','');
INSERT INTO snmp_cache VALUES (104,12,'Fa0/11','','FastEthernet0/11','0:d0:58:38:14:c','');
INSERT INTO snmp_cache VALUES (104,11,'Fa0/10','','FastEthernet0/10','0:d0:58:38:14:b','');
INSERT INTO snmp_cache VALUES (141,3,'','206.228.67.129','eth1','0:d0:b7:5d:3:a4','');
INSERT INTO snmp_cache VALUES (141,2,'','206.228.67.124','eth0','0:80:5f:19:9e:1f','');
INSERT INTO snmp_cache VALUES (141,1,'','127.0.0.1','lo','','');
INSERT INTO snmp_cache VALUES (22,9,'ds1 1-1-1','','Channelized T1 Slot 1/1','','');
INSERT INTO snmp_cache VALUES (43,43,'ds1 1-1-3','','Channelized T1 Slot 1/3','','');
INSERT INTO snmp_cache VALUES (43,42,'ds1 1-1-2','','Channelized T1 Slot 1/2','','');
INSERT INTO snmp_cache VALUES (43,41,'ds1 1-1-1','','Channelized T1 Slot 1/1','','');
INSERT INTO snmp_cache VALUES (43,40,'ie 1-2-4','','Ethernet Slot 2/4','0:d0:52:1:33:20','');
INSERT INTO snmp_cache VALUES (43,39,'ie 1-2-3','','Ethernet Slot 2/3','0:d0:52:1:33:1f','');
INSERT INTO snmp_cache VALUES (43,38,'ie 1-2-2','','Ethernet Slot 2/2','0:d0:52:1:33:1e','');
INSERT INTO snmp_cache VALUES (43,37,'ie 1-2-1','10.0.3.2','Ethernet Slot 2/1','0:d0:52:1:33:1d','');
INSERT INTO snmp_cache VALUES (43,6,'local','','Local','','');
INSERT INTO snmp_cache VALUES (43,7,'multi','','Multi Cast','','');
INSERT INTO snmp_cache VALUES (68,27,'Fa1/2','','FastEthernet1/2','0:50:80:5a:bb:1e','');
INSERT INTO snmp_cache VALUES (68,26,'Fa1/1','','FastEthernet1/1','0:50:80:5a:bb:1d','Downlink to sw-farm3 (C5k)');
INSERT INTO snmp_cache VALUES (68,25,'Fa0/24','','FastEthernet0/24','0:50:80:5a:bb:18','');
INSERT INTO snmp_cache VALUES (68,24,'Fa0/23','','FastEthernet0/23','0:50:80:5a:bb:17','crl1.voip');
INSERT INTO snmp_cache VALUES (139,16,'','','Port 16','0:20:48:4a:a4:5','');
INSERT INTO snmp_cache VALUES (43,8,'uart 1-17-2','','Console Port 17/2','','');
INSERT INTO snmp_cache VALUES (23,3,'rj','127.0.0.2','Reject','','');
INSERT INTO snmp_cache VALUES (23,1,'ie 1-17-1','','Ethernet Shelf 17/1','0:d0:52:4:21:d6','');
INSERT INTO snmp_cache VALUES (104,10,'Fa0/9','','FastEthernet0/9','0:d0:58:38:14:a','');
INSERT INTO snmp_cache VALUES (58,7,'','172.16.0.10','Serial1/0','','');
INSERT INTO snmp_cache VALUES (58,6,'','','Ethernet0/5','0:0:c:90:3a:c5','');
INSERT INTO snmp_cache VALUES (58,5,'','','Ethernet0/4','0:0:c:90:3a:c4','');
INSERT INTO snmp_cache VALUES (58,4,'','','Ethernet0/3','0:0:c:90:3a:c3','');
INSERT INTO snmp_cache VALUES (56,20,'Se3/4','144.228.167.202','Serial3/4','','T1 to SprintIP (1 of 4)');
INSERT INTO snmp_cache VALUES (56,9,'Se2/1','','Serial2/1','','t1 to SEK 60DHDA262759');
INSERT INTO snmp_cache VALUES (56,6,'Et0/5','','Ethernet0/5','0:e0:14:c5:9b:5','');
INSERT INTO snmp_cache VALUES (56,4,'Et0/3','','Ethernet0/3','0:e0:14:c5:9b:3','');
INSERT INTO snmp_cache VALUES (56,5,'Et0/4','','Ethernet0/4','0:e0:14:c5:9b:4','');
INSERT INTO snmp_cache VALUES (56,1,'Et0/0','','Ethernet0/0','0:e0:14:c5:9b:0','');
INSERT INTO snmp_cache VALUES (56,2,'Et0/1','','Ethernet0/1','0:e0:14:c5:9b:1','');
INSERT INTO snmp_cache VALUES (56,3,'Et0/2','','Ethernet0/2','0:e0:14:c5:9b:2','');
INSERT INTO snmp_cache VALUES (47,17,'Se4/6','','Serial4/6','','');
INSERT INTO snmp_cache VALUES (47,18,'Se4/7','','Serial4/7','','');
INSERT INTO snmp_cache VALUES (47,19,'Nu0','','Null0','','');
INSERT INTO snmp_cache VALUES (47,20,'Lo0','206.228.68.115','Loopback0','','');
INSERT INTO snmp_cache VALUES (38,39,'multi','','Multi Cast','','');
INSERT INTO snmp_cache VALUES (38,38,'local','','Local','','');
INSERT INTO snmp_cache VALUES (38,37,'wanabe','','Inactive','','');
INSERT INTO snmp_cache VALUES (38,36,'bh','127.0.0.3','Black Hole','','');
INSERT INTO snmp_cache VALUES (38,35,'rj','127.0.0.2','Reject','','');
INSERT INTO snmp_cache VALUES (38,34,'lo','127.0.0.1','Loopback','','');
INSERT INTO snmp_cache VALUES (38,33,'ds1 1-4-8','','Channelized T1 Slot 4/8','','');
INSERT INTO snmp_cache VALUES (38,32,'ds1 1-4-7','','Channelized T1 Slot 4/7','','');
INSERT INTO snmp_cache VALUES (38,31,'ds1 1-4-6','','Channelized T1 Slot 4/6','','');
INSERT INTO snmp_cache VALUES (38,30,'ds1 1-4-5','','Channelized T1 Slot 4/5','','');
INSERT INTO snmp_cache VALUES (38,29,'ds1 1-4-4','','Channelized T1 Slot 4/4','','');
INSERT INTO snmp_cache VALUES (38,28,'ds1 1-4-3','','Channelized T1 Slot 4/3','','');
INSERT INTO snmp_cache VALUES (38,24,'ds1 1-3-7','','Channelized T1 Slot 3/7','','');
INSERT INTO snmp_cache VALUES (106,7,'VLAN-1005','','VLAN 1005','0:3:9f:ea:df:ec','');
INSERT INTO snmp_cache VALUES (106,6,'VLAN-1004','','VLAN 1004','0:3:9f:ea:df:eb','');
INSERT INTO snmp_cache VALUES (106,5,'VLAN-1002','','VLAN 1002','0:3:9f:ea:df:e9','');
INSERT INTO snmp_cache VALUES (89,13,'AT1/IMA1.1','207.30.166.202','ATM1/IMA1.1-aal5 layer','','');
INSERT INTO snmp_cache VALUES (89,12,'AT1/IMA1.1','','ATM1/IMA1.1-atm subif','','');
INSERT INTO snmp_cache VALUES (89,11,'AT1/IMA1','','ATM1/IMA1','','');
INSERT INTO snmp_cache VALUES (89,9,'Nu0','','Null0','','');
INSERT INTO snmp_cache VALUES (89,10,'Lo0','206.228.68.122','Loopback0','','');
INSERT INTO snmp_cache VALUES (89,8,'Et0/1','','Ethernet0/1','0:d0:58:6e:1d:c2','');
INSERT INTO snmp_cache VALUES (70,2,'','206.228.67.29','eth0','0:10:e0:1:b3:8e','');
INSERT INTO snmp_cache VALUES (70,1,'','127.0.0.1','lo','','');
INSERT INTO snmp_cache VALUES (92,22,'ds1 1-2-2','','Chanelize T1 Slot 2/2','','');
INSERT INTO snmp_cache VALUES (92,20,'ie 1-1-4','','Ethernet Slot 1/4','','');
INSERT INTO snmp_cache VALUES (92,21,'ds1 1-2-1','','Chanelize T1 Slot 2/1','','');
INSERT INTO snmp_cache VALUES (92,19,'ie 1-1-3','','Ethernet Slot 1/3','','');
INSERT INTO snmp_cache VALUES (92,18,'ie 1-1-2','','Ethernet Slot 1/2','','');
INSERT INTO snmp_cache VALUES (23,39,'ds1 1-2-2','','Chanelize T1 Slot 2/2','','');
INSERT INTO snmp_cache VALUES (23,38,'ds1 1-2-1','','Chanelize T1 Slot 2/1','','');
INSERT INTO snmp_cache VALUES (104,9,'Fa0/8','','FastEthernet0/8','0:d0:58:38:14:8','');
INSERT INTO snmp_cache VALUES (23,36,'ds3 1-1-28','','Chanelize T3 Slot 1/28','','');
INSERT INTO snmp_cache VALUES (23,35,'ds3 1-1-27','','Chanelize T3 Slot 1/27','','');
INSERT INTO snmp_cache VALUES (65,1,'','127.0.0.1','lo','','');
INSERT INTO snmp_cache VALUES (68,10,'Fa0/9','','FastEthernet0/9','0:50:80:5a:bb:9','');
INSERT INTO snmp_cache VALUES (68,9,'Fa0/8','','FastEthernet0/8','0:50:80:5a:bb:8','');
INSERT INTO snmp_cache VALUES (68,8,'Fa0/7','','FastEthernet0/7','0:50:80:5a:bb:7','');
INSERT INTO snmp_cache VALUES (68,7,'Fa0/6','','FastEthernet0/6','0:50:80:5a:bb:6','');
INSERT INTO snmp_cache VALUES (68,6,'Fa0/5','','FastEthernet0/5','0:50:80:5a:bb:5','');
INSERT INTO snmp_cache VALUES (68,5,'Fa0/4','','FastEthernet0/4','0:50:80:5a:bb:4','');
INSERT INTO snmp_cache VALUES (68,4,'Fa0/3','','FastEthernet0/3','0:50:80:5a:bb:3','');
INSERT INTO snmp_cache VALUES (68,3,'Fa0/2','','FastEthernet0/2','0:50:80:5a:bb:2','');
INSERT INTO snmp_cache VALUES (68,2,'Fa0/1','','FastEthernet0/1','0:50:80:5a:bb:1','');
INSERT INTO snmp_cache VALUES (68,1,'VL1','205.166.61.238','VLAN1','0:50:80:5a:bb:0','');
INSERT INTO snmp_cache VALUES (96,97,'ds3 1-2-28','','Chanelize T3 Slot 2/28','','');
INSERT INTO snmp_cache VALUES (96,96,'ds3 1-2-27','','Chanelize T3 Slot 2/27','','');
INSERT INTO snmp_cache VALUES (105,10,'Fa0/9','','FastEthernet0/9','0:d0:ba:cc:c9:4a','');
INSERT INTO snmp_cache VALUES (105,11,'Fa0/10','','FastEthernet0/10','0:d0:ba:cc:c9:4b','');
INSERT INTO snmp_cache VALUES (105,9,'Fa0/8','','FastEthernet0/8','0:d0:ba:cc:c9:48','');
INSERT INTO snmp_cache VALUES (120,85,'ds1 1-2-27','','Channelized T3 Slot 2/27','','');
INSERT INTO snmp_cache VALUES (120,60,'ds1 1-2-2','','Channelized T3 Slot 2/2','','');
INSERT INTO snmp_cache VALUES (120,61,'ds1 1-2-3','','Channelized T3 Slot 2/3','','');
INSERT INTO snmp_cache VALUES (120,62,'ds1 1-2-4','','Channelized T3 Slot 2/4','','');
INSERT INTO snmp_cache VALUES (105,8,'Fa0/7','','FastEthernet0/7','0:d0:ba:cc:c9:47','');
INSERT INTO snmp_cache VALUES (105,7,'Fa0/6','','FastEthernet0/6','0:d0:ba:cc:c9:46','');
INSERT INTO snmp_cache VALUES (105,6,'Fa0/5','','FastEthernet0/5','0:d0:ba:cc:c9:45','');
INSERT INTO snmp_cache VALUES (105,5,'Fa0/4','','FastEthernet0/4','0:d0:ba:cc:c9:44','');
INSERT INTO snmp_cache VALUES (105,4,'Fa0/3','','FastEthernet0/3','0:d0:ba:cc:c9:43','lncstr2.lancaster.pa.net');
INSERT INTO snmp_cache VALUES (105,3,'Fa0/2','','FastEthernet0/2','0:d0:ba:cc:c9:42','cmphll4.cumberland.pa.net');
INSERT INTO snmp_cache VALUES (105,2,'Fa0/1','','FastEthernet0/1','0:d0:ba:cc:c9:41','hyp1.rtr.pa.net');
INSERT INTO snmp_cache VALUES (118,17,'ds1 1-1-7','','Channelized T1 Slot 1/7','','');
INSERT INTO snmp_cache VALUES (118,18,'ds1 1-1-8','','Channelized T1 Slot 1/8','','');
INSERT INTO snmp_cache VALUES (118,19,'ds1 1-2-1','','Channelized T1 Slot 2/1','','');
INSERT INTO snmp_cache VALUES (118,20,'ds1 1-2-2','','Channelized T1 Slot 2/2','','');
INSERT INTO snmp_cache VALUES (121,2,'','206.228.67.11','eth0','0:a0:c9:5a:62:fd','');
INSERT INTO snmp_cache VALUES (121,1,'','127.0.0.1','lo','','');
INSERT INTO snmp_cache VALUES (107,165,'3/17','','utp ethernet','0:e0:1e:46:e2:d8','');
INSERT INTO snmp_cache VALUES (107,164,'3/16','','utp ethernet','0:e0:1e:46:e2:d7','');
INSERT INTO snmp_cache VALUES (107,163,'3/15','','utp ethernet','0:e0:1e:46:e2:d6','');
INSERT INTO snmp_cache VALUES (107,162,'3/14','','utp ethernet','0:e0:1e:46:e2:d5','');
INSERT INTO snmp_cache VALUES (112,10,'','','10','0:c0:1d:a5:38:27','');
INSERT INTO snmp_cache VALUES (112,11,'','','11','0:c0:1d:a9:38:27','');
INSERT INTO snmp_cache VALUES (112,12,'','','12','0:c0:1d:ad:38:27','');
INSERT INTO snmp_cache VALUES (112,13,'','','13','0:c0:1d:b1:38:27','');
INSERT INTO snmp_cache VALUES (112,14,'','','14','0:c0:1d:b5:38:27','');
INSERT INTO snmp_cache VALUES (112,15,'','','15','0:c0:1d:b9:38:27','');
INSERT INTO snmp_cache VALUES (112,16,'','','16','0:c0:1d:bd:38:27','');
INSERT INTO snmp_cache VALUES (112,17,'','','17','0:c0:1d:c1:38:27','');
INSERT INTO snmp_cache VALUES (112,18,'','','18','0:c0:1d:c5:38:27','');
INSERT INTO snmp_cache VALUES (112,19,'','','19','0:c0:1d:c9:38:27','');
INSERT INTO snmp_cache VALUES (112,20,'','','20','0:c0:1d:cd:38:27','');
INSERT INTO snmp_cache VALUES (112,21,'','','21','0:c0:1d:d1:38:27','');
INSERT INTO snmp_cache VALUES (112,22,'','','22','0:c0:1d:d5:38:27','');
INSERT INTO snmp_cache VALUES (112,23,'','','23','0:c0:1d:d9:38:27','');
INSERT INTO snmp_cache VALUES (112,24,'','','24','0:c0:1d:dd:38:27','');
INSERT INTO snmp_cache VALUES (112,25,'','','AUI','0:c0:1d:e1:38:27','');
INSERT INTO snmp_cache VALUES (112,26,'','','A','0:c0:1d:e5:38:27','');
INSERT INTO snmp_cache VALUES (112,27,'','','B','0:c0:1d:e9:38:27','');
INSERT INTO snmp_cache VALUES (114,1,'','127.0.0.1','lo0','','');
INSERT INTO snmp_cache VALUES (114,2,'','206.228.69.131','eth0','0:0:21:e8:8c:4b','');
INSERT INTO snmp_cache VALUES (114,3,'','10.1.1.254','eth1','0:e0:7d:7e:15:a','');
INSERT INTO snmp_cache VALUES (114,4,'','0.0.0.0','ppp2','','');
INSERT INTO snmp_cache VALUES (107,160,'3/12','','utp ethernet','0:e0:1e:46:e2:d3','');
INSERT INTO snmp_cache VALUES (107,161,'3/13','','utp ethernet','0:e0:1e:46:e2:d4','');
INSERT INTO snmp_cache VALUES (111,5,'','66.59.106.0','Loopback0','','');
INSERT INTO snmp_cache VALUES (111,3,'','','Serial1','','');
INSERT INTO snmp_cache VALUES (111,1,'','207.44.16.193','Ethernet0','0:0:c:3e:52:66','');
INSERT INTO snmp_cache VALUES (111,2,'','172.16.4.30','Serial0','','');
INSERT INTO snmp_cache VALUES (120,94,'ds1 1-4-8','','Channelized T1 Slot 4/8','','');
INSERT INTO snmp_cache VALUES (120,93,'ds1 1-4-7','','Channelized T1 Slot 4/7','','');
INSERT INTO snmp_cache VALUES (120,91,'ds1 1-4-5','','Channelized T1 Slot 4/5','','');
INSERT INTO snmp_cache VALUES (120,92,'ds1 1-4-6','','Channelized T1 Slot 4/6','','');
INSERT INTO snmp_cache VALUES (120,90,'ds1 1-4-4','','Channelized T1 Slot 4/4','','');
INSERT INTO snmp_cache VALUES (118,1,'ie 1-17-1','10.0.0.2','Ethernet Shelf 17/1','0:c0:7b:8b:fd:32','');
INSERT INTO snmp_cache VALUES (127,2,'','206.228.67.15','eth0','0:d0:b7:df:a2:28','');
INSERT INTO snmp_cache VALUES (127,1,'','127.0.0.1','lo','','');
INSERT INTO snmp_cache VALUES (133,1,'','127.0.0.1','lo','','');
INSERT INTO snmp_cache VALUES (120,4,'bh','127.0.0.3','Black Hole','','');
INSERT INTO snmp_cache VALUES (138,1,'VL1','10.0.10.254','VLAN1','0:90:2b:bb:ac:80','');
INSERT INTO snmp_cache VALUES (138,2,'Fa0/1','','FastEthernet0/1','0:90:2b:bb:ac:81','');
INSERT INTO snmp_cache VALUES (107,159,'3/11','','utp ethernet','0:e0:1e:46:e2:d2','');
INSERT INTO snmp_cache VALUES (30,17,'sip','','Soft IP','','');
INSERT INTO snmp_cache VALUES (135,4,'Se1/2','172.16.2.6','Serial1/2','','connected to PAdotNET');
INSERT INTO snmp_cache VALUES (135,3,'Se1/1','10.7.6.2','Serial1/1','','connected to chambersbrg');
INSERT INTO snmp_cache VALUES (135,1,'Fa0/0','10.7.7.1','FastEthernet0/0','0:10:7b:a3:23:a0','connected to EthernetLAN_3');
INSERT INTO snmp_cache VALUES (139,15,'','','Port 15','0:20:48:4a:a4:4','');
INSERT INTO snmp_cache VALUES (139,14,'','','Port 14','0:20:48:4a:a4:3','');
INSERT INTO snmp_cache VALUES (139,13,'','','Port 13','0:20:48:4a:a4:2','');
INSERT INTO snmp_cache VALUES (139,12,'','','Port 12','0:20:48:4a:a4:1','');
INSERT INTO snmp_cache VALUES (139,11,'','','Port 11','0:20:48:4a:a4:0','');
INSERT INTO snmp_cache VALUES (139,10,'','','Port 10','0:20:48:4a:a3:ff','');
INSERT INTO snmp_cache VALUES (139,9,'','','Port 9','0:20:48:4a:a3:fe','');
INSERT INTO snmp_cache VALUES (139,8,'','','Port 8','0:20:48:4a:a3:fd','');
INSERT INTO snmp_cache VALUES (139,7,'','','Port 7','0:20:48:4a:a3:fc','');
INSERT INTO snmp_cache VALUES (139,6,'','','Port 6','0:20:48:4a:a3:fb','');
INSERT INTO snmp_cache VALUES (139,5,'','','Port 5','0:20:48:4a:a3:fa','');
INSERT INTO snmp_cache VALUES (92,17,'ie 1-1-1','','Ethernet Slot 1/1','','');
INSERT INTO snmp_cache VALUES (92,8,'uart 1-17-2','','Console Port 17/2','','');
INSERT INTO snmp_cache VALUES (92,7,'multi','','Multi Cast','','');
INSERT INTO snmp_cache VALUES (92,6,'local','','Local','','');
INSERT INTO snmp_cache VALUES (92,5,'wanabe','','Inactive','','');
INSERT INTO snmp_cache VALUES (92,4,'bh','127.0.0.3','Black Hole','','');
INSERT INTO snmp_cache VALUES (92,3,'rj','127.0.0.2','Reject','','');
INSERT INTO snmp_cache VALUES (92,2,'lo','127.0.0.1','Loopback','','');
INSERT INTO snmp_cache VALUES (92,1,'ie 1-17-1','10.0.6.2','Ethernet Shelf 17/1','0:d0:52:4:6a:a8','');
INSERT INTO snmp_cache VALUES (140,1,'','127.0.0.1','lo','','');
INSERT INTO snmp_cache VALUES (120,2,'lo','127.0.0.1','Loopback','','');
INSERT INTO snmp_cache VALUES (120,3,'rj','127.0.0.2','Reject','','');
INSERT INTO snmp_cache VALUES (120,1,'ie 1-17-1','','Ethernet Shelf 17/1','0:c0:7b:8b:ad:fa','');
INSERT INTO snmp_cache VALUES (138,9,'Fa0/8','','FastEthernet0/8','0:90:2b:bb:ac:88','plns1.nas.pa.net');
INSERT INTO snmp_cache VALUES (138,8,'Fa0/7','','FastEthernet0/7','0:90:2b:bb:ac:87','plns1.rtr.pa.net');
INSERT INTO snmp_cache VALUES (138,3,'Fa0/2','','FastEthernet0/2','0:90:2b:bb:ac:82','');
INSERT INTO snmp_cache VALUES (138,4,'Fa0/3','','FastEthernet0/3','0:90:2b:bb:ac:83','');
INSERT INTO snmp_cache VALUES (138,5,'Fa0/4','','FastEthernet0/4','0:90:2b:bb:ac:84','');
INSERT INTO snmp_cache VALUES (138,6,'Fa0/5','','FastEthernet0/5','0:90:2b:bb:ac:85','');
INSERT INTO snmp_cache VALUES (138,7,'Fa0/6','','FastEthernet0/6','0:90:2b:bb:ac:86','plns1.voip.pa.net');
INSERT INTO snmp_cache VALUES (120,84,'ds1 1-2-26','','Channelized T3 Slot 2/26','','');
INSERT INTO snmp_cache VALUES (120,83,'ds1 1-2-25','','Channelized T3 Slot 2/25','','');
INSERT INTO snmp_cache VALUES (120,82,'ds1 1-2-24','','Channelized T3 Slot 2/24','','');
INSERT INTO snmp_cache VALUES (120,81,'ds1 1-2-23','','Channelized T3 Slot 2/23','','');
INSERT INTO snmp_cache VALUES (120,80,'ds1 1-2-22','','Channelized T3 Slot 2/22','','');
INSERT INTO snmp_cache VALUES (120,79,'ds1 1-2-21','','Channelized T3 Slot 2/21','','');
INSERT INTO snmp_cache VALUES (120,78,'ds1 1-2-20','','Channelized T3 Slot 2/20','','');
INSERT INTO snmp_cache VALUES (120,77,'ds1 1-2-19','','Channelized T3 Slot 2/19','','');
INSERT INTO snmp_cache VALUES (120,74,'ds1 1-2-16','','Channelized T3 Slot 2/16','','');
INSERT INTO snmp_cache VALUES (120,75,'ds1 1-2-17','','Channelized T3 Slot 2/17','','');
INSERT INTO snmp_cache VALUES (120,76,'ds1 1-2-18','','Channelized T3 Slot 2/18','','');
INSERT INTO snmp_cache VALUES (120,71,'ds1 1-2-13','','Channelized T3 Slot 2/13','','');
INSERT INTO snmp_cache VALUES (120,72,'ds1 1-2-14','','Channelized T3 Slot 2/14','','');
INSERT INTO snmp_cache VALUES (120,73,'ds1 1-2-15','','Channelized T3 Slot 2/15','','');
INSERT INTO snmp_cache VALUES (30,8,'uart 1-17-2','','Console Port 17/2','','');
INSERT INTO snmp_cache VALUES (124,1,'','127.0.0.1','lo','','');
INSERT INTO snmp_cache VALUES (124,2,'','206.228.67.9','eth0','0:90:27:86:98:7','');
INSERT INTO snmp_cache VALUES (104,8,'Fa0/7','','FastEthernet0/7','0:d0:58:38:14:7','');
INSERT INTO snmp_cache VALUES (104,7,'Fa0/6','','FastEthernet0/6','0:d0:58:38:14:6','');
INSERT INTO snmp_cache VALUES (104,6,'Fa0/5','','FastEthernet0/5','0:d0:58:38:14:5','');
INSERT INTO snmp_cache VALUES (104,5,'Fa0/4','','FastEthernet0/4','0:d0:58:38:14:4','');
INSERT INTO snmp_cache VALUES (104,4,'Fa0/3','','FastEthernet0/3','0:d0:58:38:14:3','');
INSERT INTO snmp_cache VALUES (104,3,'Fa0/2','','FastEthernet0/2','0:d0:58:38:14:2','');
INSERT INTO snmp_cache VALUES (54,2,'','206.228.67.132','eth0','0:c0:f0:47:86:12','');
INSERT INTO snmp_cache VALUES (54,1,'','127.0.0.1','lo','','');
INSERT INTO snmp_cache VALUES (140,2,'','206.228.67.38','eth0','0:6:29:5:69:f5','');
INSERT INTO snmp_cache VALUES (95,1,'','127.0.0.1','lo','','');
INSERT INTO snmp_cache VALUES (108,2,'','206.228.67.5','eth0','0:e0:7d:72:22:71','');
INSERT INTO snmp_cache VALUES (108,1,'','127.0.0.1','lo','','');
INSERT INTO snmp_cache VALUES (147,1,'','127.0.0.1','lo','','');
INSERT INTO snmp_cache VALUES (145,2,'','206.228.67.16','eth0','0:90:27:86:95:98','');
INSERT INTO snmp_cache VALUES (145,1,'','127.0.0.1','lo','','');
INSERT INTO snmp_cache VALUES (146,2,'','206.228.67.41','eth0','0:90:27:73:82:71','');
INSERT INTO snmp_cache VALUES (146,1,'','127.0.0.1','lo','','');
INSERT INTO snmp_cache VALUES (38,27,'ds1 1-4-2','','Channelized T1 Slot 4/2','','');
INSERT INTO snmp_cache VALUES (38,25,'ds1 1-3-8','','Channelized T1 Slot 3/8','','');
INSERT INTO snmp_cache VALUES (38,18,'ds1 1-3-1','','Channelized T1 Slot 3/1','','');
INSERT INTO snmp_cache VALUES (45,14,'ds1 1-5-6','','Chanelize T1 Slot 5/6','','');
INSERT INTO snmp_cache VALUES (45,13,'ds1 1-5-5','','Chanelize T1 Slot 5/5','','');
INSERT INTO snmp_cache VALUES (23,34,'ds3 1-1-26','','Chanelize T3 Slot 1/26','','');
INSERT INTO snmp_cache VALUES (23,33,'ds3 1-1-25','','Chanelize T3 Slot 1/25','','');
INSERT INTO snmp_cache VALUES (139,4,'','','Port 4','0:20:48:4a:a3:f9','');
INSERT INTO snmp_cache VALUES (139,3,'','','Port 3','0:20:48:4a:a3:f8','');
INSERT INTO snmp_cache VALUES (45,12,'ds1 1-5-4','','Chanelize T1 Slot 5/4','','');
INSERT INTO snmp_cache VALUES (45,11,'ds1 1-5-3','','Chanelize T1 Slot 5/3','','');
INSERT INTO snmp_cache VALUES (45,10,'ds1 1-5-2','','Chanelize T1 Slot 5/2','','');
INSERT INTO snmp_cache VALUES (45,9,'ds1 1-5-1','','Chanelize T1 Slot 5/1','','');
INSERT INTO snmp_cache VALUES (45,8,'uart 1-17-2','','Console Port 17/2','','');
INSERT INTO snmp_cache VALUES (45,7,'multi','','Multi Cast','','');
INSERT INTO snmp_cache VALUES (45,6,'local','','Local','','');
INSERT INTO snmp_cache VALUES (45,5,'wanabe','','Inactive','','');
INSERT INTO snmp_cache VALUES (45,4,'bh','127.0.0.3','Black Hole','','');
INSERT INTO snmp_cache VALUES (45,3,'rj','127.0.0.2','Reject','','');
INSERT INTO snmp_cache VALUES (45,1,'ie 1-17-1','','Ethernet Shelf 17/1','0:d0:52:4:88:4b','');
INSERT INTO snmp_cache VALUES (45,2,'lo','127.0.0.1','Loopback','','');
INSERT INTO snmp_cache VALUES (38,22,'ds1 1-3-5','','Channelized T1 Slot 3/5','','');
INSERT INTO snmp_cache VALUES (38,23,'ds1 1-3-6','','Channelized T1 Slot 3/6','','');
INSERT INTO snmp_cache VALUES (23,32,'ds3 1-1-24','','Chanelize T3 Slot 1/24','','');
INSERT INTO snmp_cache VALUES (23,31,'ds3 1-1-23','','Chanelize T3 Slot 1/23','','');
INSERT INTO snmp_cache VALUES (106,4,'VLAN-1','','VLAN 1','0:3:9f:ea:dc:0','');
INSERT INTO snmp_cache VALUES (106,3,'me1','0.0.0.0','me1','0:3:9f:ea:df:fe','');
INSERT INTO snmp_cache VALUES (106,2,'sl0','','sl0','0:0:0:0:0:0','');
INSERT INTO snmp_cache VALUES (106,1,'sc0','206.228.67.126','sc0','0:3:9f:ea:df:ff','');
INSERT INTO snmp_cache VALUES (23,30,'ds3 1-1-22','','Chanelize T3 Slot 1/22','','');
INSERT INTO snmp_cache VALUES (96,95,'ds3 1-2-26','','Chanelize T3 Slot 2/26','','');
INSERT INTO snmp_cache VALUES (71,2,'','206.228.67.30','eth0','0:10:e0:5:39:5e','');
INSERT INTO snmp_cache VALUES (71,3,'','0.0.0.0','eth1','0:10:e0:5:39:5d','');
INSERT INTO snmp_cache VALUES (71,1,'','127.0.0.1','lo','','');
INSERT INTO snmp_cache VALUES (148,3,'','10.1.5.1','ppp3','','');
INSERT INTO snmp_cache VALUES (148,2,'','206.228.67.48','eth0','0:90:27:73:87:e','');
INSERT INTO snmp_cache VALUES (148,1,'','127.0.0.1','lo','','');
INSERT INTO snmp_cache VALUES (135,2,'Se1/0','209.190.129.50','Serial1/0','','connected to Internet');
INSERT INTO snmp_cache VALUES (131,1,'','127.0.0.1','lo','','');
INSERT INTO snmp_cache VALUES (58,3,'','','Ethernet0/2','0:0:c:90:3a:c2','');
INSERT INTO snmp_cache VALUES (105,1,'VL1','10.0.1.5','VLAN1','0:d0:ba:cc:c9:40','');
INSERT INTO snmp_cache VALUES (118,26,'ds1 1-2-8','','Channelized T1 Slot 2/8','','');
INSERT INTO snmp_cache VALUES (118,25,'ds1 1-2-7','','Channelized T1 Slot 2/7','','');
INSERT INTO snmp_cache VALUES (96,50,'ds3 1-4-9','','Chanelize T3 Slot 4/9','','');
INSERT INTO snmp_cache VALUES (118,24,'ds1 1-2-6','','Channelized T1 Slot 2/6','','');
INSERT INTO snmp_cache VALUES (118,23,'ds1 1-2-5','','Channelized T1 Slot 2/5','','');
INSERT INTO snmp_cache VALUES (118,22,'ds1 1-2-4','','Channelized T1 Slot 2/4','','');
INSERT INTO snmp_cache VALUES (153,15,'','','bridge0','','');
INSERT INTO snmp_cache VALUES (153,14,'','','enc3','','');
INSERT INTO snmp_cache VALUES (153,13,'','','enc2','','');
INSERT INTO snmp_cache VALUES (153,12,'','','enc1','','');
INSERT INTO snmp_cache VALUES (153,11,'','','enc0','','');
INSERT INTO snmp_cache VALUES (153,10,'','','tun1','','');
INSERT INTO snmp_cache VALUES (153,9,'','','tun0','','');
INSERT INTO snmp_cache VALUES (153,8,'','','ppp1','','');
INSERT INTO snmp_cache VALUES (153,7,'','','ppp0','','');
INSERT INTO snmp_cache VALUES (153,6,'','','sl1','','');
INSERT INTO snmp_cache VALUES (153,5,'','','sl0','','');
INSERT INTO snmp_cache VALUES (153,4,'','206.228.64.1','rl1','0:e0:7d:7e:15:8','');
INSERT INTO snmp_cache VALUES (153,3,'','206.228.67.50','rl0','0:e0:7d:7e:15:10','');
INSERT INTO snmp_cache VALUES (153,2,'','','lo1','','');
INSERT INTO snmp_cache VALUES (153,1,'','127.0.0.1','lo0','','');
INSERT INTO snmp_cache VALUES (153,16,'','','bridge1','','');
INSERT INTO snmp_cache VALUES (153,17,'','','gre0','','');
INSERT INTO snmp_cache VALUES (153,18,'','','gif0','','');
INSERT INTO snmp_cache VALUES (153,19,'','','gif1','','');
INSERT INTO snmp_cache VALUES (153,20,'','','gif2','','');
INSERT INTO snmp_cache VALUES (153,21,'','','gif3','','');
INSERT INTO snmp_cache VALUES (68,23,'Fa0/22','','FastEthernet0/22','0:50:80:5a:bb:16','emailauction.com');
INSERT INTO snmp_cache VALUES (68,22,'Fa0/21','','FastEthernet0/21','0:50:80:5a:bb:15','filak.pa.net');
INSERT INTO snmp_cache VALUES (96,93,'ds3 1-2-24','','Chanelize T3 Slot 2/24','','');
INSERT INTO snmp_cache VALUES (96,94,'ds3 1-2-25','','Chanelize T3 Slot 2/25','','');
INSERT INTO snmp_cache VALUES (96,92,'ds3 1-2-23','','Chanelize T3 Slot 2/23','','');
INSERT INTO snmp_cache VALUES (96,45,'ds3 1-4-4','','Chanelize T3 Slot 4/4','','');
INSERT INTO snmp_cache VALUES (96,46,'ds3 1-4-5','','Chanelize T3 Slot 4/5','','');
INSERT INTO snmp_cache VALUES (96,44,'ds3 1-4-3','','Chanelize T3 Slot 4/3','','');
INSERT INTO snmp_cache VALUES (96,43,'ds3 1-4-2','','Chanelize T3 Slot 4/2','','');
INSERT INTO snmp_cache VALUES (96,42,'ds3 1-4-1','','Chanelize T3 Slot 4/1','','');
INSERT INTO snmp_cache VALUES (96,40,'ie 1-1-4','10.0.8.2','Ethernet Slot 1/4','0:d0:52:4:57:f1','');
INSERT INTO snmp_cache VALUES (96,39,'ie 1-1-3','','Ethernet Slot 1/3','0:d0:52:4:57:f0','');
INSERT INTO snmp_cache VALUES (96,38,'ie 1-1-2','','Ethernet Slot 1/2','0:d0:52:4:57:ef','');
INSERT INTO snmp_cache VALUES (96,37,'ie 1-1-1','','Ethernet Slot 1/1','0:d0:52:4:57:ee','');
INSERT INTO snmp_cache VALUES (96,7,'multi','','Multi Cast','','');
INSERT INTO snmp_cache VALUES (96,8,'uart 1-17-2','','Console Port 17/2','','');
INSERT INTO snmp_cache VALUES (96,5,'wanabe','','Inactive','','');
INSERT INTO snmp_cache VALUES (96,6,'local','','Local','','');
INSERT INTO snmp_cache VALUES (96,4,'bh','127.0.0.3','Black Hole','','');
INSERT INTO snmp_cache VALUES (96,3,'rj','127.0.0.2','Reject','','');
INSERT INTO snmp_cache VALUES (96,2,'lo','127.0.0.1','Loopback','','');
INSERT INTO snmp_cache VALUES (96,1,'ie 1-17-1','','Ethernet Shelf 17/1','0:d0:52:4:2e:f0','');
INSERT INTO snmp_cache VALUES (98,18,'Fa2/1/0','','FastEthernet2/1/0','0:10:b:81:58:48','');
INSERT INTO snmp_cache VALUES (98,19,'Fa3/0/0','206.228.67.1','FastEthernet3/0/0','0:10:b:81:58:60','');
INSERT INTO snmp_cache VALUES (98,20,'AT2/0/0','','ATM2/0/0-atm layer','','');
INSERT INTO snmp_cache VALUES (98,17,'AT2/0/0','','ATM2/0/0','','ATM Capital 13.HFGJ.000010..PA');
INSERT INTO snmp_cache VALUES (98,16,'Se1/7','','Serial1/7','','');
INSERT INTO snmp_cache VALUES (98,15,'Se1/6','','Serial1/6','','');
INSERT INTO snmp_cache VALUES (64,6,'','172.20.1.30','Tunnel0','','');
INSERT INTO snmp_cache VALUES (64,3,'','144.232.201.138','Serial0','','');
INSERT INTO snmp_cache VALUES (64,4,'','','Serial1','','');
INSERT INTO snmp_cache VALUES (64,5,'','','Loopback0','','');
INSERT INTO snmp_cache VALUES (64,2,'','','Ethernet1','0:0:c:5d:9:bf','');
INSERT INTO snmp_cache VALUES (64,1,'','204.97.240.1','Ethernet0','0:0:c:5d:9:be','');
INSERT INTO snmp_cache VALUES (107,250,'5/6','','10/100 utp ethernet (cat 3/5)','0:60:47:16:c6:71','');
INSERT INTO snmp_cache VALUES (107,249,'5/5','','10/100 utp ethernet (cat 3/5)','0:60:47:16:c6:70','');
INSERT INTO snmp_cache VALUES (107,248,'5/4','','10/100 utp ethernet (cat 3/5)','0:60:47:16:c6:6f','');
INSERT INTO snmp_cache VALUES (89,6,'AT1/3','','ATM1/3','','');
INSERT INTO snmp_cache VALUES (89,7,'Et0/0','10.0.4.6','Ethernet0/0','0:d0:58:6e:1d:c1','');
INSERT INTO snmp_cache VALUES (89,4,'AT1/1','','ATM1/1','','');
INSERT INTO snmp_cache VALUES (89,5,'AT1/2','','ATM1/2','','');
INSERT INTO snmp_cache VALUES (89,2,'Se0/1','','Serial0/1','','');
INSERT INTO snmp_cache VALUES (89,3,'AT1/0','','ATM1/0','','');
INSERT INTO snmp_cache VALUES (89,1,'Se0/0','','Serial0/0','','');
INSERT INTO snmp_cache VALUES (68,21,'Fa0/20','','FastEthernet0/20','0:50:80:5a:bb:14','');
INSERT INTO snmp_cache VALUES (62,4,'Et0/1','','Ethernet0/1','0:2:b9:bd:da:22','');
INSERT INTO snmp_cache VALUES (62,3,'Et0/0','206.228.70.209','Ethernet0/0','0:2:b9:bd:da:21','');
INSERT INTO snmp_cache VALUES (62,1,'Se0/0','206.228.70.202','Serial0/0','','');
INSERT INTO snmp_cache VALUES (62,2,'Se0/1','','Serial0/1','','');
INSERT INTO snmp_cache VALUES (63,5,'','66.59.104.0','Loopback0','','');
INSERT INTO snmp_cache VALUES (63,2,'','','Serial0','','');
INSERT INTO snmp_cache VALUES (63,3,'','172.16.0.18','Serial1','','');
INSERT INTO snmp_cache VALUES (22,6,'local','','Local','','');
INSERT INTO snmp_cache VALUES (22,7,'multi','','Multi Cast','','');
INSERT INTO snmp_cache VALUES (63,1,'','206.228.71.193','Ethernet0','0:0:c:34:12:c','');
INSERT INTO snmp_cache VALUES (23,56,'ie 1-16-3','','Ethernet Slot 16/3','0:d0:52:4:5a:43','');
INSERT INTO snmp_cache VALUES (23,57,'ie 1-16-4','10.0.4.2','Ethernet Slot 16/4','0:d0:52:4:5a:44','');
INSERT INTO snmp_cache VALUES (23,54,'ie 1-16-1','','Ethernet Slot 16/1','0:d0:52:4:5a:41','');
INSERT INTO snmp_cache VALUES (55,27,'Fa6/1/0','209.92.167.18','FastEthernet6/1/0','0:60:83:45:3e:c8','to FASTNET');
INSERT INTO snmp_cache VALUES (23,55,'ie 1-16-2','','Ethernet Slot 16/2','0:d0:52:4:5a:42','');
INSERT INTO snmp_cache VALUES (23,52,'ds1 1-15-7','','Chanelize T1 Slot 15/7','','');
INSERT INTO snmp_cache VALUES (23,53,'ds1 1-15-8','','Chanelize T1 Slot 15/8','','');
INSERT INTO snmp_cache VALUES (24,4,'Se2','172.16.4.2','Serial2','','T1 to chm co - 60DHDA237674UDPA');
INSERT INTO snmp_cache VALUES (24,5,'Se3','','Serial3','','');
INSERT INTO snmp_cache VALUES (24,6,'Se4','','Serial4','','');
INSERT INTO snmp_cache VALUES (24,7,'Se5','','Serial5','','');
INSERT INTO snmp_cache VALUES (24,8,'Nu0','','Null0','','');
INSERT INTO snmp_cache VALUES (24,9,'Lo0','206.228.68.116','Loopback0','','');
INSERT INTO snmp_cache VALUES (24,2,'Se0','172.16.4.6','Serial0','','T1 to Carlisle');
INSERT INTO snmp_cache VALUES (24,3,'Se1','','Serial1','','');
INSERT INTO snmp_cache VALUES (24,1,'Et0','204.251.189.1','Ethernet0','0:0:c:5:d5:62','');
INSERT INTO snmp_cache VALUES (45,17,'ds1 1-4-1','','Chanelize T1 Slot 4/1','','');
INSERT INTO snmp_cache VALUES (44,5,'ds1 1-3-4','','Channelized T1 Slot 3/4','','');
INSERT INTO snmp_cache VALUES (44,4,'ds1 1-3-3','','Channelized T1 Slot 3/3','','');
INSERT INTO snmp_cache VALUES (44,3,'ds1 1-3-2','','Channelized T1 Slot 3/2','','');
INSERT INTO snmp_cache VALUES (44,1,'ie 1-17-1','','Ethernet Slot 17/1','0:c0:7b:7c:22:c0','');
INSERT INTO snmp_cache VALUES (44,2,'ds1 1-3-1','','Channelized T1 Slot 3/1','','');
INSERT INTO snmp_cache VALUES (47,27,'Se3/4.1','172.16.0.5','Serial3/4.1','','FR T1 to grncstl1.rtr');
INSERT INTO snmp_cache VALUES (47,29,'Tu4','172.20.1.46','Tunnel4','','tunnel to tc1.rtr');
INSERT INTO snmp_cache VALUES (118,21,'ds1 1-2-3','','Channelized T1 Slot 2/3','','');
INSERT INTO snmp_cache VALUES (118,16,'ds1 1-1-6','','Channelized T1 Slot 1/6','','');
INSERT INTO snmp_cache VALUES (118,14,'ds1 1-1-4','','Channelized T1 Slot 1/4','','');
INSERT INTO snmp_cache VALUES (118,15,'ds1 1-1-5','','Channelized T1 Slot 1/5','','');
INSERT INTO snmp_cache VALUES (118,13,'ds1 1-1-3','','Channelized T1 Slot 1/3','','');
INSERT INTO snmp_cache VALUES (118,12,'ds1 1-1-2','','Channelized T1 Slot 1/2','','');
INSERT INTO snmp_cache VALUES (118,11,'ds1 1-1-1','','Channelized T1 Slot 1/1','','');
INSERT INTO snmp_cache VALUES (118,7,'multi','','Multi Cast','','');
INSERT INTO snmp_cache VALUES (118,8,'uart 1-17-2','','Console Port 17/2','','');
INSERT INTO snmp_cache VALUES (112,9,'','','9','0:c0:1d:a1:38:27','');
INSERT INTO snmp_cache VALUES (112,8,'','','8','0:c0:1d:9d:38:27','');
INSERT INTO snmp_cache VALUES (112,7,'','','7','0:c0:1d:99:38:27','');
INSERT INTO snmp_cache VALUES (112,6,'','','6','0:c0:1d:95:38:27','');
INSERT INTO snmp_cache VALUES (112,5,'','','5','0:c0:1d:91:38:27','');
INSERT INTO snmp_cache VALUES (112,4,'','','4','0:c0:1d:8d:38:27','');
INSERT INTO snmp_cache VALUES (112,1,'','10.0.0.3','1','0:c0:1d:81:38:27','');
INSERT INTO snmp_cache VALUES (112,2,'','','2','0:c0:1d:85:38:27','');
INSERT INTO snmp_cache VALUES (112,3,'','','3','0:c0:1d:89:38:27','');
INSERT INTO snmp_cache VALUES (104,2,'Fa0/1','','FastEthernet0/1','0:d0:58:38:14:1','');
INSERT INTO snmp_cache VALUES (104,1,'VL1','10.0.4.5','VLAN1','0:d0:58:38:14:0','');
INSERT INTO snmp_cache VALUES (118,6,'local','','Local','','');
INSERT INTO snmp_cache VALUES (118,4,'bh','127.0.0.3','Black Hole','','');
INSERT INTO snmp_cache VALUES (118,2,'lo','127.0.0.1','Loopback','','');
INSERT INTO snmp_cache VALUES (118,3,'rj','127.0.0.2','Reject','','');
INSERT INTO snmp_cache VALUES (120,70,'ds1 1-2-12','','Channelized T3 Slot 2/12','','');
INSERT INTO snmp_cache VALUES (120,69,'ds1 1-2-11','','Channelized T3 Slot 2/11','','');
INSERT INTO snmp_cache VALUES (120,68,'ds1 1-2-10','','Channelized T3 Slot 2/10','','');
INSERT INTO snmp_cache VALUES (120,67,'ds1 1-2-9','','Channelized T3 Slot 2/9','','');
INSERT INTO snmp_cache VALUES (120,66,'ds1 1-2-8','','Channelized T3 Slot 2/8','','');
INSERT INTO snmp_cache VALUES (120,65,'ds1 1-2-7','','Channelized T3 Slot 2/7','','');
INSERT INTO snmp_cache VALUES (120,63,'ds1 1-2-5','','Channelized T3 Slot 2/5','','');
INSERT INTO snmp_cache VALUES (120,64,'ds1 1-2-6','','Channelized T3 Slot 2/6','','');
INSERT INTO snmp_cache VALUES (60,3,'','172.16.2.5','Serial1','','');
INSERT INTO snmp_cache VALUES (60,1,'','10.0.3.1','Ethernet0','0:0:c:3e:52:3a','');
INSERT INTO snmp_cache VALUES (23,29,'ds3 1-1-21','','Chanelize T3 Slot 1/21','','');
INSERT INTO snmp_cache VALUES (23,28,'ds3 1-1-20','','Chanelize T3 Slot 1/20','','');
INSERT INTO snmp_cache VALUES (28,52,'','204.251.190.171','ptp50','','');
INSERT INTO snmp_cache VALUES (23,27,'ds3 1-1-19','','Chanelize T3 Slot 1/19','','');
INSERT INTO snmp_cache VALUES (23,26,'ds3 1-1-18','','Chanelize T3 Slot 1/18','','');
INSERT INTO snmp_cache VALUES (130,2,'','206.228.67.34','eth0','0:0:21:e8:8c:4c','');
INSERT INTO snmp_cache VALUES (30,7,'multi','','Multi Cast','','');
INSERT INTO snmp_cache VALUES (30,6,'local','','Local','','');
INSERT INTO snmp_cache VALUES (30,5,'wanabe','','Inactive','','');
INSERT INTO snmp_cache VALUES (30,4,'bh','127.0.0.3','Black Hole','','');
INSERT INTO snmp_cache VALUES (30,3,'rj','127.0.0.2','Reject','','');
INSERT INTO snmp_cache VALUES (30,2,'lo','127.0.0.1','Loopback','','');
INSERT INTO snmp_cache VALUES (30,1,'ie 1-17-1','','Ethernet Shelf 17/1','0:d0:52:1:4f:ae','');
INSERT INTO snmp_cache VALUES (32,16,'ds1 1-2-2','','Channelized T1 Slot 2/2','','');
INSERT INTO snmp_cache VALUES (32,15,'ds1 1-2-1','','Channelized T1 Slot 2/1','','');
INSERT INTO snmp_cache VALUES (32,14,'ds1 1-1-8','','Channelized T1 Slot 1/8','','');
INSERT INTO snmp_cache VALUES (32,11,'ds1 1-1-5','','Channelized T1 Slot 1/5','','');
INSERT INTO snmp_cache VALUES (32,12,'ds1 1-1-6','','Channelized T1 Slot 1/6','','');
INSERT INTO snmp_cache VALUES (32,13,'ds1 1-1-7','','Channelized T1 Slot 1/7','','');
INSERT INTO snmp_cache VALUES (32,9,'ds1 1-1-3','','Channelized T1 Slot 1/3','','');
INSERT INTO snmp_cache VALUES (32,10,'ds1 1-1-4','','Channelized T1 Slot 1/4','','');
INSERT INTO snmp_cache VALUES (32,6,'local','','Local','','');
INSERT INTO snmp_cache VALUES (32,7,'ds1 1-1-1','','Channelized T1 Slot 1/1','','');
INSERT INTO snmp_cache VALUES (32,8,'ds1 1-1-2','','Channelized T1 Slot 1/2','','');
INSERT INTO snmp_cache VALUES (32,5,'wanabe','','Inactive','','');
INSERT INTO snmp_cache VALUES (32,4,'bh','127.0.0.3','Black Hole','','');
INSERT INTO snmp_cache VALUES (32,3,'rj','127.0.0.2','Reject','','');
INSERT INTO snmp_cache VALUES (32,2,'lo','127.0.0.1','Loopback','','');
INSERT INTO snmp_cache VALUES (49,27,'','204.251.188.107','ptp25','','');
INSERT INTO snmp_cache VALUES (49,52,'','206.228.64.160','ptp50','','');
INSERT INTO snmp_cache VALUES (31,1,'','206.228.71.195','ether0','0:c0:5:1:82:0','');
INSERT INTO snmp_cache VALUES (32,1,'ie 1-17-1','206.228.71.194','Ethernet Shelf 17/1','0:c0:7b:7b:81:54','');
INSERT INTO snmp_cache VALUES (49,1,'','10.0.1.2','ether0','0:c0:5:4:1a:15','');
INSERT INTO snmp_cache VALUES (39,24,'ie 1-1-3','','Ethernet Slot 1/3','0:d0:52:3:44:80','');
INSERT INTO snmp_cache VALUES (39,25,'ie 1-1-4','206.228.69.134','Ethernet Slot 1/4','0:d0:52:3:44:81','');
INSERT INTO snmp_cache VALUES (39,23,'ie 1-1-2','','Ethernet Slot 1/2','0:d0:52:3:44:7f','');
INSERT INTO snmp_cache VALUES (47,21,'Lo1','66.59.98.1','Loopback1','','');
INSERT INTO snmp_cache VALUES (47,15,'Se4/4','172.16.3.33','Serial4/4','','T1 to USLifeLine - 60.DHDA.257211');
INSERT INTO snmp_cache VALUES (47,13,'Se4/2','172.16.0.9','Serial4/2','','T1 to nwb1.rtr - 60.DHDA.238856');
INSERT INTO snmp_cache VALUES (47,14,'Se4/3','144.228.175.118','Serial4/3','','T1 to SprintIP - 75.HCGS.228157');
INSERT INTO snmp_cache VALUES (47,12,'Se4/1','172.16.2.1','Serial4/1','','ValleyNet T1 to hgrstwn1.rtr.md.net - 60.DHDA.227898');
INSERT INTO snmp_cache VALUES (47,11,'Se4/0','144.228.175.34','Serial4/0','','T1 to SprintIP - 75.HCGS.221740.UDPA');
INSERT INTO snmp_cache VALUES (47,10,'Se3/7','144.228.175.6','Serial3/7','','T1 to SprintIP - 75.HCGS.222220.UDPA');
INSERT INTO snmp_cache VALUES (47,9,'Se3/6','206.228.70.145','Serial3/6','','T1 to CPARC - 60.DHDA.216755');
INSERT INTO snmp_cache VALUES (47,8,'Se3/5','172.16.4.5','Serial3/5','','T1 to chm1.rtr - 60.DHDA.215795');
INSERT INTO snmp_cache VALUES (59,2,'','','Ethernet1','0:0:c:8d:68:5a','');
INSERT INTO snmp_cache VALUES (59,1,'','206.228.69.129','Ethernet0','0:0:c:8d:68:59','');
INSERT INTO snmp_cache VALUES (96,90,'ds3 1-2-21','','Chanelize T3 Slot 2/21','','');
INSERT INTO snmp_cache VALUES (96,88,'ds3 1-2-19','','Chanelize T3 Slot 2/19','','');
INSERT INTO snmp_cache VALUES (89,4693,'Vi57','','Virtual-Access57','','');
INSERT INTO snmp_cache VALUES (89,4697,'Vi69','','Virtual-Access69','','');
INSERT INTO snmp_cache VALUES (89,4713,'Vi62','','Virtual-Access62','','');
INSERT INTO snmp_cache VALUES (89,4716,'Vi24','','Virtual-Access24','','');
INSERT INTO snmp_cache VALUES (89,4684,'Vi29','','Virtual-Access29','','');
INSERT INTO snmp_cache VALUES (89,4692,'Vi75','','Virtual-Access75','','');
INSERT INTO snmp_cache VALUES (89,4656,'Vi92','','Virtual-Access92','','');
INSERT INTO snmp_cache VALUES (89,4655,'Vi32','','Virtual-Access32','','');
INSERT INTO snmp_cache VALUES (89,4650,'Vi67','','Virtual-Access67','','');
INSERT INTO snmp_cache VALUES (89,4646,'Vi13','','Virtual-Access13','','');
INSERT INTO snmp_cache VALUES (89,4632,'Vi23','','Virtual-Access23','','');
INSERT INTO snmp_cache VALUES (89,4636,'Vi46','','Virtual-Access46','','');
INSERT INTO snmp_cache VALUES (89,4639,'Vi37','','Virtual-Access37','','');
INSERT INTO snmp_cache VALUES (89,4629,'Vi34','','Virtual-Access34','','');
INSERT INTO snmp_cache VALUES (89,4615,'Vi63','','Virtual-Access63','','');
INSERT INTO snmp_cache VALUES (89,4597,'Vi74','','Virtual-Access74','','');
INSERT INTO snmp_cache VALUES (89,4575,'Vi40','','Virtual-Access40','','');
INSERT INTO snmp_cache VALUES (89,4581,'Vi90','','Virtual-Access90','','');
INSERT INTO snmp_cache VALUES (89,4545,'Vi61','','Virtual-Access61','','');
INSERT INTO snmp_cache VALUES (89,4490,'Vi26','','Virtual-Access26','','');
INSERT INTO snmp_cache VALUES (89,4515,'Vi64','','Virtual-Access64','','');
INSERT INTO snmp_cache VALUES (89,4536,'Vi8','','Virtual-Access8','','');
INSERT INTO snmp_cache VALUES (89,4473,'Vi31','','Virtual-Access31','','');
INSERT INTO snmp_cache VALUES (89,4479,'Vi89','','Virtual-Access89','','');
INSERT INTO snmp_cache VALUES (89,4455,'Vi6','','Virtual-Access6','','');
INSERT INTO snmp_cache VALUES (89,4465,'Vi41','','Virtual-Access41','','');
INSERT INTO snmp_cache VALUES (89,4468,'Vi73','','Virtual-Access73','','');
INSERT INTO snmp_cache VALUES (89,4447,'Vi44','','Virtual-Access44','','');
INSERT INTO snmp_cache VALUES (89,4445,'Vi80','','Virtual-Access80','','');
INSERT INTO snmp_cache VALUES (89,4446,'Vi18','','Virtual-Access18','','');
INSERT INTO snmp_cache VALUES (89,4443,'Vi84','','Virtual-Access84','','');
INSERT INTO snmp_cache VALUES (89,4442,'Vi51','','Virtual-Access51','','');
INSERT INTO snmp_cache VALUES (89,4434,'Vi86','','Virtual-Access86','','');
INSERT INTO snmp_cache VALUES (89,4429,'Vi7','','Virtual-Access7','','');
INSERT INTO snmp_cache VALUES (89,4428,'Vi79','','Virtual-Access79','','');
INSERT INTO snmp_cache VALUES (89,4424,'Vi14','','Virtual-Access14','','');
INSERT INTO snmp_cache VALUES (89,4413,'Vi82','','Virtual-Access82','','');
INSERT INTO snmp_cache VALUES (89,4411,'Vi28','','Virtual-Access28','','');
INSERT INTO snmp_cache VALUES (96,87,'ds3 1-2-18','','Chanelize T3 Slot 2/18','','');
INSERT INTO snmp_cache VALUES (96,86,'ds3 1-2-17','','Chanelize T3 Slot 2/17','','');
INSERT INTO snmp_cache VALUES (96,85,'ds3 1-2-16','','Chanelize T3 Slot 2/16','','');
INSERT INTO snmp_cache VALUES (96,84,'ds3 1-2-15','','Chanelize T3 Slot 2/15','','');
INSERT INTO snmp_cache VALUES (96,83,'ds3 1-2-14','','Chanelize T3 Slot 2/14','','');
INSERT INTO snmp_cache VALUES (96,82,'ds3 1-2-13','','Chanelize T3 Slot 2/13','','');
INSERT INTO snmp_cache VALUES (96,81,'ds3 1-2-12','','Chanelize T3 Slot 2/12','','');
INSERT INTO snmp_cache VALUES (96,80,'ds3 1-2-11','','Chanelize T3 Slot 2/11','','');
INSERT INTO snmp_cache VALUES (96,79,'ds3 1-2-10','','Chanelize T3 Slot 2/10','','');
INSERT INTO snmp_cache VALUES (96,78,'ds3 1-2-9','','Chanelize T3 Slot 2/9','','');
INSERT INTO snmp_cache VALUES (96,77,'ds3 1-2-8','','Chanelize T3 Slot 2/8','','');
INSERT INTO snmp_cache VALUES (96,76,'ds3 1-2-7','','Chanelize T3 Slot 2/7','','');
INSERT INTO snmp_cache VALUES (96,75,'ds3 1-2-6','','Chanelize T3 Slot 2/6','','');
INSERT INTO snmp_cache VALUES (96,74,'ds3 1-2-5','','Chanelize T3 Slot 2/5','','');
INSERT INTO snmp_cache VALUES (96,73,'ds3 1-2-4','','Chanelize T3 Slot 2/4','','');
INSERT INTO snmp_cache VALUES (96,72,'ds3 1-2-3','','Chanelize T3 Slot 2/3','','');
INSERT INTO snmp_cache VALUES (96,71,'ds3 1-2-2','','Chanelize T3 Slot 2/2','','');
INSERT INTO snmp_cache VALUES (96,70,'ds3 1-2-1','','Chanelize T3 Slot 2/1','','');
INSERT INTO snmp_cache VALUES (96,69,'ds3 1-4-28','','Chanelize T3 Slot 4/28','','');
INSERT INTO snmp_cache VALUES (96,68,'ds3 1-4-27','','Chanelize T3 Slot 4/27','','');
INSERT INTO snmp_cache VALUES (96,67,'ds3 1-4-26','','Chanelize T3 Slot 4/26','','');
INSERT INTO snmp_cache VALUES (96,66,'ds3 1-4-25','','Chanelize T3 Slot 4/25','','');
INSERT INTO snmp_cache VALUES (96,65,'ds3 1-4-24','','Chanelize T3 Slot 4/24','','');
INSERT INTO snmp_cache VALUES (96,64,'ds3 1-4-23','','Chanelize T3 Slot 4/23','','');
INSERT INTO snmp_cache VALUES (96,63,'ds3 1-4-22','','Chanelize T3 Slot 4/22','','');
INSERT INTO snmp_cache VALUES (96,62,'ds3 1-4-21','','Chanelize T3 Slot 4/21','','');
INSERT INTO snmp_cache VALUES (98,14,'Se1/5','','Serial1/5','','');
INSERT INTO snmp_cache VALUES (98,13,'Se1/4','','Serial1/4','','');
INSERT INTO snmp_cache VALUES (98,12,'Se1/3','','Serial1/3','','');
INSERT INTO snmp_cache VALUES (98,11,'Se1/2','','Serial1/2','','');
INSERT INTO snmp_cache VALUES (98,7,'Se0/6','172.16.5.21','Serial0/6','','t1 to chm2 4DHDA585018UDPA');
INSERT INTO snmp_cache VALUES (98,10,'Se1/1','','Serial1/1','','');
INSERT INTO snmp_cache VALUES (98,9,'Se1/0','','Serial1/0','','');
INSERT INTO snmp_cache VALUES (98,8,'Se0/7','172.16.5.25','Serial0/7','','t1 to chm2 4DHDA585019UDPA');
INSERT INTO snmp_cache VALUES (98,6,'Se0/5','206.228.70.33','Serial0/5','','T1 to Groff Tractor DS1-9238');
INSERT INTO snmp_cache VALUES (98,5,'Se0/4','172.16.5.17','Serial0/4','','to adelphia - 13HCGS514247 / HR.HCGA.000994.001');
INSERT INTO snmp_cache VALUES (98,4,'Se0/3','172.16.5.14','Serial0/3','','T1 to nwb1.rtr - 4.DHZA.584730');
INSERT INTO snmp_cache VALUES (91,4,'Se1','','Serial1','','');
INSERT INTO snmp_cache VALUES (91,3,'Se0','172.16.4.18','Serial0','','');
INSERT INTO snmp_cache VALUES (91,2,'Et1','10.0.6.1','Ethernet1','0:10:7b:2b:8f:64','');
INSERT INTO snmp_cache VALUES (91,1,'Et0','204.251.191.97','Ethernet0','0:10:7b:2b:8f:61','');
INSERT INTO snmp_cache VALUES (58,2,'','','Ethernet0/1','0:0:c:90:3a:c1','');
INSERT INTO snmp_cache VALUES (126,27,'D3','','D3','0:30:c1:49:12:65','');
INSERT INTO snmp_cache VALUES (126,26,'D2','','D2','0:30:c1:49:12:66','');
INSERT INTO snmp_cache VALUES (126,25,'D1','','D1','0:30:c1:49:12:67','');
INSERT INTO snmp_cache VALUES (126,24,'C8','','C8','0:30:c1:49:12:68','');
INSERT INTO snmp_cache VALUES (126,23,'C7','','C7','0:30:c1:49:12:69','');
INSERT INTO snmp_cache VALUES (126,22,'C6','','C6','0:30:c1:49:12:6a','');
INSERT INTO snmp_cache VALUES (151,2,'Et1','209.92.103.253','Ethernet1','0:0:c:f6:d:7d','valence health lan');
INSERT INTO snmp_cache VALUES (151,1,'Et0','10.0.12.1','Ethernet0','0:0:c:f6:d:7a','');
INSERT INTO snmp_cache VALUES (120,59,'ds1 1-2-1','','Channelized T3 Slot 2/1','','');
INSERT INTO snmp_cache VALUES (120,27,'ds1 1-3-7','','Channelized T1 Slot 3/7','','');
INSERT INTO snmp_cache VALUES (120,58,'ds3 1-2-29','','Channelized T3 Slot 2/29','','');
INSERT INTO snmp_cache VALUES (120,28,'ds1 1-3-8','','Channelized T1 Slot 3/8','','');
INSERT INTO snmp_cache VALUES (120,26,'ds1 1-3-6','','Channelized T1 Slot 3/6','','');
INSERT INTO snmp_cache VALUES (120,25,'ds1 1-3-5','','Channelized T1 Slot 3/5','','');
INSERT INTO snmp_cache VALUES (120,24,'ds1 1-3-4','','Channelized T1 Slot 3/4','','');
INSERT INTO snmp_cache VALUES (120,23,'ds1 1-3-3','','Channelized T1 Slot 3/3','','');
INSERT INTO snmp_cache VALUES (120,22,'ds1 1-3-2','','Channelized T1 Slot 3/2','','');
INSERT INTO snmp_cache VALUES (120,21,'ds1 1-3-1','','Channelized T1 Slot 3/1','','');
INSERT INTO snmp_cache VALUES (119,7,'Se0.1','67.96.90.242','Serial0.1','','Broadwing FRT1/0040112619');
INSERT INTO snmp_cache VALUES (120,7,'multi','','Multi Cast','','');
INSERT INTO snmp_cache VALUES (120,8,'uart 1-17-2','','Console Port 17/2','','');
INSERT INTO snmp_cache VALUES (120,9,'ie 1-1-1','10.0.10.2','Ethernet Slot 1/1','0:c0:7b:8e:87:f0','');
INSERT INTO snmp_cache VALUES (120,10,'ie 1-1-2','','Ethernet Slot 1/2','0:c0:7b:8e:87:f1','');
INSERT INTO snmp_cache VALUES (120,11,'ie 1-1-3','','Ethernet Slot 1/3','0:c0:7b:8e:87:f2','');
INSERT INTO snmp_cache VALUES (119,3,'Se1','','Serial1','','');
INSERT INTO snmp_cache VALUES (119,4,'Lo0','67.96.252.244','Loopback0','','');
INSERT INTO snmp_cache VALUES (119,5,'Tu0','172.20.1.18','Tunnel0','','tunnel to CTI/Trindle Commons');
INSERT INTO snmp_cache VALUES (119,6,'Tu1','172.20.1.22','Tunnel1','','tunnel to CTI/Lemoyne (CTSI coloc)');
INSERT INTO snmp_cache VALUES (96,91,'ds3 1-2-22','','Chanelize T3 Slot 2/22','','');
INSERT INTO snmp_cache VALUES (89,4405,'Vi48','','Virtual-Access48','','');
INSERT INTO snmp_cache VALUES (89,4401,'Vi49','','Virtual-Access49','','');
INSERT INTO snmp_cache VALUES (89,4404,'Vi66','','Virtual-Access66','','');
INSERT INTO snmp_cache VALUES (89,4400,'Vi65','','Virtual-Access65','','');
INSERT INTO snmp_cache VALUES (89,4370,'Vi43','','Virtual-Access43','','');
INSERT INTO snmp_cache VALUES (89,4398,'Vi78','','Virtual-Access78','','');
INSERT INTO snmp_cache VALUES (89,4399,'Vi39','','Virtual-Access39','','');
INSERT INTO snmp_cache VALUES (89,4355,'Vi1','','Virtual-Access1','','');
INSERT INTO snmp_cache VALUES (89,4362,'Vi25','','Virtual-Access25','','');
INSERT INTO snmp_cache VALUES (89,4354,'Vi50','','Virtual-Access50','','');
INSERT INTO snmp_cache VALUES (89,4323,'Vi35','','Virtual-Access35','','');
INSERT INTO snmp_cache VALUES (89,4346,'Vi22','','Virtual-Access22','','');
INSERT INTO snmp_cache VALUES (89,4308,'Vi17','','Virtual-Access17','','');
INSERT INTO snmp_cache VALUES (47,7,'Se3/4','206.228.70.254','Serial3/4','','Sprint FR (gtty, grncstl, ssgs) - 60.QGDQ.205764');
INSERT INTO snmp_cache VALUES (47,6,'Se3/3','172.16.3.38','Serial3/3','','LAT-camphill - 4.DHNA.582220');
INSERT INTO snmp_cache VALUES (47,4,'Se3/1','157.130.0.10','Serial3/1','','');
INSERT INTO snmp_cache VALUES (47,5,'Se3/2','','Serial3/2','','');
INSERT INTO snmp_cache VALUES (47,3,'Se3/0','198.69.92.30','Serial3/0','','T1 to Microserve - 13.HCGS.505450');
INSERT INTO snmp_cache VALUES (156,1,'','127.0.0.1','lo','','');
INSERT INTO snmp_cache VALUES (156,2,'','206.228.67.17','eth0','0:d0:b7:c4:7:77','');
INSERT INTO snmp_cache VALUES (157,1,'','127.0.0.1','lo','','');
INSERT INTO snmp_cache VALUES (157,2,'','206.228.67.51','eth0','0:0:21:e8:8c:4d','');
INSERT INTO snmp_cache VALUES (120,12,'ie 1-1-4','','Ethernet Slot 1/4','0:c0:7b:8e:87:f3','');
INSERT INTO snmp_cache VALUES (119,1,'Et0','10.0.10.1','Ethernet0','0:0:c:3:ea:bc','');
INSERT INTO snmp_cache VALUES (119,2,'Se0','','Serial0','','CTSI DS1-8922/Verizon T1 12.HCGS.511989/PA');
INSERT INTO snmp_cache VALUES (107,158,'3/10','','utp ethernet','0:e0:1e:46:e2:d1','');
INSERT INTO snmp_cache VALUES (107,157,'3/9','','utp ethernet','0:e0:1e:46:e2:d0','');
INSERT INTO snmp_cache VALUES (107,156,'3/8','','utp ethernet','0:e0:1e:46:e2:cf','');
INSERT INTO snmp_cache VALUES (107,155,'3/7','','utp ethernet','0:e0:1e:46:e2:ce','');
INSERT INTO snmp_cache VALUES (139,2,'','','Port 2','0:20:48:4a:a3:f7','');
INSERT INTO snmp_cache VALUES (139,1,'','','Port 1','0:20:48:4a:a3:f6','');
INSERT INTO snmp_cache VALUES (106,55,'2/47','','10/100 utp ethernet (cat 3/5)','0:3:9f:ea:df:cc','');
INSERT INTO snmp_cache VALUES (106,56,'2/48','','10/100 utp ethernet (cat 3/5)','0:3:9f:ea:df:cd','');
INSERT INTO snmp_cache VALUES (106,57,'2/49','','no gbic present','0:3:9f:ea:df:ce','');
INSERT INTO snmp_cache VALUES (106,58,'2/50','','no gbic present','0:3:9f:ea:df:cf','');
INSERT INTO snmp_cache VALUES (158,2,'','206.228.67.40','eth0','0:d0:b7:4f:fb:e9','');
INSERT INTO snmp_cache VALUES (158,1,'','127.0.0.1','lo','','');
INSERT INTO snmp_cache VALUES (47,2,'Fa1/1','206.228.70.233','FastEthernet1/1','0:1:42:d0:e:21','to nocuts');
INSERT INTO snmp_cache VALUES (47,1,'Fa1/0','205.166.61.135','FastEthernet1/0','0:1:42:d0:e:20','');
INSERT INTO snmp_cache VALUES (89,4302,'Vi45','','Virtual-Access45','','');
INSERT INTO snmp_cache VALUES (39,22,'ie 1-1-1','','Ethernet Slot 1/1','0:d0:52:3:44:7e','');
INSERT INTO snmp_cache VALUES (39,17,'sip','','Soft IP','','');
INSERT INTO snmp_cache VALUES (39,16,'ds1 1-2-8','','Chanelize T1 Slot 2/8','','');
INSERT INTO snmp_cache VALUES (39,15,'ds1 1-2-7','','Chanelize T1 Slot 2/7','','');
INSERT INTO snmp_cache VALUES (39,14,'ds1 1-2-6','','Chanelize T1 Slot 2/6','','');
INSERT INTO snmp_cache VALUES (39,13,'ds1 1-2-5','','Chanelize T1 Slot 2/5','','');
INSERT INTO snmp_cache VALUES (39,12,'ds1 1-2-4','','Chanelize T1 Slot 2/4','','');
INSERT INTO snmp_cache VALUES (39,11,'ds1 1-2-3','','Chanelize T1 Slot 2/3','','');
INSERT INTO snmp_cache VALUES (39,10,'ds1 1-2-2','','Chanelize T1 Slot 2/2','','');
INSERT INTO snmp_cache VALUES (58,1,'','10.0.5.1','Ethernet0/0','0:0:c:90:3a:c0','');
INSERT INTO snmp_cache VALUES (126,21,'C5','','C5','0:30:c1:49:12:6b','');
INSERT INTO snmp_cache VALUES (126,20,'C4','','C4','0:30:c1:49:12:6c','');
INSERT INTO snmp_cache VALUES (126,19,'C3','','C3','0:30:c1:49:12:6d','');
INSERT INTO snmp_cache VALUES (126,18,'C2','','C2','0:30:c1:49:12:6e','');
INSERT INTO snmp_cache VALUES (126,17,'C1','','C1','0:30:c1:49:12:6f','');
INSERT INTO snmp_cache VALUES (126,16,'B8','','B8','0:30:c1:49:12:70','');
INSERT INTO snmp_cache VALUES (126,15,'B7','','B7','0:30:c1:49:12:71','');
INSERT INTO snmp_cache VALUES (126,14,'B6','','B6','0:30:c1:49:12:72','');
INSERT INTO snmp_cache VALUES (126,13,'B5','','B5','0:30:c1:49:12:73','');
INSERT INTO snmp_cache VALUES (126,12,'B4','','B4','0:30:c1:49:12:74','');
INSERT INTO snmp_cache VALUES (126,11,'B3','','B3','0:30:c1:49:12:75','');
INSERT INTO snmp_cache VALUES (126,10,'B2','','B2','0:30:c1:49:12:76','');
INSERT INTO snmp_cache VALUES (126,9,'B1','','B1','0:30:c1:49:12:77','');
INSERT INTO snmp_cache VALUES (126,8,'A8','','A8','0:30:c1:49:12:78','');
INSERT INTO snmp_cache VALUES (126,7,'A7','','A7','0:30:c1:49:12:79','');
INSERT INTO snmp_cache VALUES (126,6,'A6','','A6','0:30:c1:49:12:7a','');
INSERT INTO snmp_cache VALUES (126,5,'A5','','A5','0:30:c1:49:12:7b','');
INSERT INTO snmp_cache VALUES (126,4,'A4','','A4','0:30:c1:49:12:7c','');
INSERT INTO snmp_cache VALUES (126,3,'A3','','A3','0:30:c1:49:12:7d','');
INSERT INTO snmp_cache VALUES (126,2,'A2','','A2','0:30:c1:49:12:7e','');
INSERT INTO snmp_cache VALUES (126,1,'A1','','A1','0:30:c1:49:12:7f','');
INSERT INTO snmp_cache VALUES (98,3,'Se0/2','172.16.5.10','Serial0/2','','T1 to nwb1.rtr - 4.DHZA.584729');
INSERT INTO snmp_cache VALUES (143,27,'ds1 1-2-4','','Channelized T1 Slot 2/4','','');
INSERT INTO snmp_cache VALUES (143,26,'ds1 1-2-3','','Channelized T1 Slot 2/3','','');
INSERT INTO snmp_cache VALUES (143,25,'ds1 1-2-2','','Channelized T1 Slot 2/2','','');
INSERT INTO snmp_cache VALUES (151,3,'Se0','209.92.102.14','Serial0','','t1 to fastnet cktid:38ASTZ002394');
INSERT INTO snmp_cache VALUES (151,4,'Se1','','Serial1','','');
INSERT INTO snmp_cache VALUES (151,5,'Nu0','','Null0','','');
INSERT INTO snmp_cache VALUES (151,6,'Lo0','','Loopback0','','');
INSERT INTO snmp_cache VALUES (151,7,'Lo1','','Loopback1','','');
INSERT INTO snmp_cache VALUES (151,8,'Tu0','172.20.1.54','Tunnel0','','tunnel to tc1');
INSERT INTO snmp_cache VALUES (152,1,'','','SLIP Interface','','');
INSERT INTO snmp_cache VALUES (152,2,'','10.0.12.4','Ethernet Interface','0:c0:e6:1:22:b9','');
INSERT INTO snmp_cache VALUES (152,3,'','','T1 Network Interface','','');
INSERT INTO snmp_cache VALUES (152,4,'','','V.35 Data Port 1','','');
INSERT INTO snmp_cache VALUES (143,24,'ds1 1-2-1','','Channelized T1 Slot 2/1','','');
INSERT INTO snmp_cache VALUES (143,22,'ie 1-7-1','','Ethernet Slot 7/1','','');
INSERT INTO snmp_cache VALUES (143,21,'ie 1-9-1','','Ethernet Slot 9/1','','');
INSERT INTO snmp_cache VALUES (143,20,'ds1 1-5-8','','Channelized T1 Slot 5/8','','');
INSERT INTO snmp_cache VALUES (143,19,'ds1 1-5-7','','Channelized T1 Slot 5/7','','');
INSERT INTO snmp_cache VALUES (143,18,'ds1 1-5-6','','Channelized T1 Slot 5/6','','');
INSERT INTO snmp_cache VALUES (143,17,'ds1 1-5-5','','Channelized T1 Slot 5/5','','');
INSERT INTO snmp_cache VALUES (143,16,'ds1 1-5-4','','Channelized T1 Slot 5/4','','');
INSERT INTO snmp_cache VALUES (143,15,'ds1 1-5-3','','Channelized T1 Slot 5/3','','');
INSERT INTO snmp_cache VALUES (143,14,'ds1 1-5-2','','Channelized T1 Slot 5/2','','');
INSERT INTO snmp_cache VALUES (143,13,'ds1 1-5-1','','Channelized T1 Slot 5/1','','');
INSERT INTO snmp_cache VALUES (143,12,'ie 1-1-4','192.168.2.218','Ethernet Slot 1/4','0:c0:7b:8d:fd:33','');
INSERT INTO snmp_cache VALUES (143,11,'ie 1-1-3','','Ethernet Slot 1/3','0:c0:7b:8d:fd:32','');
INSERT INTO snmp_cache VALUES (143,10,'ie 1-1-2','192.168.2.219','Ethernet Slot 1/2','0:c0:7b:8d:fd:31','');
INSERT INTO snmp_cache VALUES (143,9,'ie 1-1-1','10.0.11.2','Ethernet Slot 1/1','0:c0:7b:8d:fd:30','');
INSERT INTO snmp_cache VALUES (143,8,'uart 1-17-2','','Console Port 17/2','','');
INSERT INTO snmp_cache VALUES (143,7,'multi','','Multi Cast','','');
INSERT INTO snmp_cache VALUES (143,6,'local','','Local','','');
INSERT INTO snmp_cache VALUES (143,5,'wanabe','','Inactive','','');
INSERT INTO snmp_cache VALUES (143,4,'bh','127.0.0.3','Black Hole','','');
INSERT INTO snmp_cache VALUES (143,2,'lo','127.0.0.1','Loopback','','');
INSERT INTO snmp_cache VALUES (143,3,'rj','127.0.0.2','Reject','','');
INSERT INTO snmp_cache VALUES (142,1,'Et0/0','','Ethernet0/0','0:10:7b:d6:c7:81','');
INSERT INTO snmp_cache VALUES (142,2,'Se0/0','64.9.31.102','Serial0/0','','');
INSERT INTO snmp_cache VALUES (142,3,'Et0/1','','Ethernet0/1','0:10:7b:d6:c7:82','');
INSERT INTO snmp_cache VALUES (142,4,'Se0/1','','Serial0/1','','');
INSERT INTO snmp_cache VALUES (142,5,'Nu0','','Null0','','');
INSERT INTO snmp_cache VALUES (142,7,'BV1','10.0.11.1','BVI1','','');
INSERT INTO snmp_cache VALUES (142,8,'Tu0','172.20.1.50','Tunnel0','','tunnel to tc1.rtr');
INSERT INTO snmp_cache VALUES (142,9,'Lo0','64.9.96.0','Loopback0','','');
INSERT INTO snmp_cache VALUES (143,1,'ie 1-17-1','192.168.2.210','Ethernet Shelf 17/1','0:c0:7b:8b:16:55','');
INSERT INTO snmp_cache VALUES (83,16,'','','gre0','','');
INSERT INTO snmp_cache VALUES (83,17,'','','gif0','','');
INSERT INTO snmp_cache VALUES (83,18,'','','gif1','','');
INSERT INTO snmp_cache VALUES (83,19,'','','gif2','','');
INSERT INTO snmp_cache VALUES (83,20,'','','gif3','','');
INSERT INTO snmp_cache VALUES (139,300,'','206.228.67.125','System','2:20:48:4a:a3:f5','');
INSERT INTO snmp_cache VALUES (60,4,'','66.59.98.16','Loopback0','','');
INSERT INTO snmp_cache VALUES (38,19,'ds1 1-3-2','','Channelized T1 Slot 3/2','','');
INSERT INTO snmp_cache VALUES (22,5,'wanabe','','Inactive','','');
INSERT INTO snmp_cache VALUES (120,89,'ds1 1-4-3','','Channelized T1 Slot 4/3','','');
INSERT INTO snmp_cache VALUES (143,28,'ds1 1-2-5','','Channelized T1 Slot 2/5','','');
INSERT INTO snmp_cache VALUES (143,29,'ds1 1-2-6','','Channelized T1 Slot 2/6','','');
INSERT INTO snmp_cache VALUES (143,30,'ds1 1-2-7','','Channelized T1 Slot 2/7','','');
INSERT INTO snmp_cache VALUES (143,31,'ds1 1-2-8','','Channelized T1 Slot 2/8','','');
INSERT INTO snmp_cache VALUES (38,17,'ds1 1-2-8','','Channelized T1 Slot 2/8','','');
INSERT INTO snmp_cache VALUES (38,16,'ds1 1-2-7','','Channelized T1 Slot 2/7','','');
INSERT INTO snmp_cache VALUES (38,15,'ds1 1-2-6','','Channelized T1 Slot 2/6','','');
INSERT INTO snmp_cache VALUES (38,14,'ds1 1-2-5','','Channelized T1 Slot 2/5','','');
INSERT INTO snmp_cache VALUES (38,13,'ds1 1-2-4','','Channelized T1 Slot 2/4','','');
INSERT INTO snmp_cache VALUES (38,12,'ds1 1-2-3','','Channelized T1 Slot 2/3','','');
INSERT INTO snmp_cache VALUES (38,11,'ds1 1-2-2','','Channelized T1 Slot 2/2','','');
INSERT INTO snmp_cache VALUES (38,10,'ds1 1-2-1','','Channelized T1 Slot 2/1','','');
INSERT INTO snmp_cache VALUES (38,1,'ie 1-17-1','','Ethernet Shelf 17/1','0:c0:7b:81:ee:a7','');
INSERT INTO snmp_cache VALUES (62,5,'Nu0','','Null0','','');
INSERT INTO snmp_cache VALUES (62,6,'Lo0','66.59.102.0','Loopback0','','');
INSERT INTO snmp_cache VALUES (61,3,'','','Serial0','','');
INSERT INTO snmp_cache VALUES (91,6,'Lo0','66.59.103.0','Loopback0','','');
INSERT INTO snmp_cache VALUES (101,26,'A','','A','0:d0:ba:b3:31:5a','');
INSERT INTO snmp_cache VALUES (101,27,'B','','B','0:d0:ba:b3:31:5b','');
INSERT INTO snmp_cache VALUES (101,36,'PortChannel','','PortChannel','0:0:0:0:0:0','');
INSERT INTO snmp_cache VALUES (101,37,'CPU','206.228.71.208','CPU','0:d0:ba:b3:31:40','');
INSERT INTO snmp_cache VALUES (22,4,'bh','127.0.0.3','Black Hole','','');
INSERT INTO snmp_cache VALUES (22,1,'ie 1-17-1','10.0.7.2','Ethernet Shelf 17/1','0:c0:7b:81:49:b9','');
INSERT INTO snmp_cache VALUES (22,2,'lo','127.0.0.1','Loopback','','');
INSERT INTO snmp_cache VALUES (22,3,'rj','127.0.0.2','Reject','','');
INSERT INTO snmp_cache VALUES (98,2,'Se0/1','172.16.5.5','Serial0/1','','to lmn1 / CTSI DS1-8530');
INSERT INTO snmp_cache VALUES (98,1,'Se0/0','172.16.5.1','Serial0/0','','to lmn1 / CTSI DS1-8529');
INSERT INTO snmp_cache VALUES (1,1,'','127.0.0.1','lo','','');
INSERT INTO snmp_cache VALUES (1,2,'','192.168.1.1','eth0','0:0:21:fd:fa:13','');
INSERT INTO snmp_cache VALUES (1,3,'','204.251.189.162','ppp0','','');
INSERT INTO snmp_cache VALUES (2,1,'','127.0.0.1','lo','','');
INSERT INTO snmp_cache VALUES (2,2,'','192.168.1.11','eth0','0:40:33:e3:33:9d','');

--
-- Table structure for table 'snmp_disk_cache'
--

CREATE TABLE snmp_disk_cache (
  dev_id int(11) NOT NULL default '0',
  disk_index int(11) NOT NULL default '0',
  disk_path varchar(255) NOT NULL default '',
  disk_device varchar(255) NOT NULL default '',
  KEY dev_id (dev_id)
) TYPE=MyISAM;

--
-- Dumping data for table 'snmp_disk_cache'
--


INSERT INTO snmp_disk_cache VALUES (1,1,'/','/dev/hda1');
INSERT INTO snmp_disk_cache VALUES (1,2,'/storage','/dev/hdc1');

--
-- Table structure for table 'static_pad_types'
--

CREATE TABLE static_pad_types (
  id int(11) NOT NULL auto_increment,
  name varchar(50) NOT NULL default '',
  PRIMARY KEY  (id),
  UNIQUE KEY id (id),
  KEY id_2 (id)
) TYPE=MyISAM;

--
-- Dumping data for table 'static_pad_types'
--


INSERT INTO static_pad_types VALUES (1,'Left');
INSERT INTO static_pad_types VALUES (2,'Right');
INSERT INTO static_pad_types VALUES (3,'Right Split');

--
-- Table structure for table 'static_paths'
--

CREATE TABLE static_paths (
  name varchar(50) NOT NULL default '',
  path varchar(255) NOT NULL default '',
  PRIMARY KEY  (name),
  UNIQUE KEY name (name),
  KEY name_2 (name)
) TYPE=MyISAM;

--
-- Dumping data for table 'static_paths'
--


INSERT INTO static_paths VALUES ('rrdtool','/usr/bin/rrdtool');
INSERT INTO static_paths VALUES ('root','/var/www/netmrg/');

--
-- Table structure for table 'sub_dev_types'
--

CREATE TABLE sub_dev_types (
  id tinyint(4) NOT NULL auto_increment,
  name varchar(50) NOT NULL default '',
  PRIMARY KEY  (id),
  UNIQUE KEY id (id),
  KEY id_2 (id)
) TYPE=MyISAM;

--
-- Dumping data for table 'sub_dev_types'
--


INSERT INTO sub_dev_types VALUES (1,'Group');
INSERT INTO sub_dev_types VALUES (2,'Interface');
INSERT INTO sub_dev_types VALUES (3,'Disk');

--
-- Table structure for table 'sub_dev_variables'
--

CREATE TABLE sub_dev_variables (
  sub_dev_id int(11) NOT NULL default '0',
  name varchar(50) NOT NULL default '',
  value varchar(50) NOT NULL default '',
  KEY sub_dev_id (sub_dev_id,name)
) TYPE=MyISAM;

--
-- Dumping data for table 'sub_dev_variables'
--


INSERT INTO sub_dev_variables VALUES (5,'ifDescr','eth0');
INSERT INTO sub_dev_variables VALUES (3,'ifDescr','eth0');
INSERT INTO sub_dev_variables VALUES (4,'ifDescr','ppp0');
INSERT INTO sub_dev_variables VALUES (7,'dskPath','/');
INSERT INTO sub_dev_variables VALUES (8,'dskPath','/storage');

--
-- Table structure for table 'sub_devices'
--

CREATE TABLE sub_devices (
  id int(11) NOT NULL auto_increment,
  dev_id int(11) NOT NULL default '0',
  type int(11) NOT NULL default '0',
  name varchar(80) default NULL,
  PRIMARY KEY  (id),
  UNIQUE KEY id (id),
  KEY id_2 (id,dev_id,type)
) TYPE=MyISAM;

--
-- Dumping data for table 'sub_devices'
--


INSERT INTO sub_devices VALUES (1,1,1,'System');
INSERT INTO sub_devices VALUES (2,2,1,'System');
INSERT INTO sub_devices VALUES (3,1,2,'Eth0');
INSERT INTO sub_devices VALUES (4,1,2,'PPP0');
INSERT INTO sub_devices VALUES (5,2,2,'Eth0');
INSERT INTO sub_devices VALUES (6,3,1,'System');
INSERT INTO sub_devices VALUES (7,1,3,'Root');
INSERT INTO sub_devices VALUES (8,1,3,'Storage');

--
-- Table structure for table 'test_types'
--

CREATE TABLE test_types (
  id int(11) NOT NULL auto_increment,
  name varchar(100) NOT NULL default '',
  PRIMARY KEY  (id),
  UNIQUE KEY id (id),
  KEY id_2 (id)
) TYPE=MyISAM;

--
-- Dumping data for table 'test_types'
--


INSERT INTO test_types VALUES (1,'Script');
INSERT INTO test_types VALUES (2,'SNMP');
INSERT INTO test_types VALUES (3,'SQL');
INSERT INTO test_types VALUES (4,'Internal');

--
-- Table structure for table 'tests_internal'
--

CREATE TABLE tests_internal (
  id tinyint(4) NOT NULL auto_increment,
  name varchar(50) NOT NULL default '',
  PRIMARY KEY  (id),
  UNIQUE KEY id (id),
  KEY id_2 (id)
) TYPE=MyISAM;

--
-- Dumping data for table 'tests_internal'
--



--
-- Table structure for table 'tests_script'
--

CREATE TABLE tests_script (
  id int(11) NOT NULL auto_increment,
  name varchar(50) NOT NULL default '',
  cmd varchar(200) NOT NULL default '',
  data_type int(11) NOT NULL default '0',
  dev_type int(11) NOT NULL default '0',
  priority tinyint(4) NOT NULL default '0',
  PRIMARY KEY  (id),
  UNIQUE KEY id_2 (id),
  KEY id (id)
) TYPE=MyISAM;

--
-- Dumping data for table 'tests_script'
--


INSERT INTO tests_script VALUES (9,'Custom','',2,0,0);
INSERT INTO tests_script VALUES (16,'Space Used (Filesystem)','/var/www/netmrg/cmd/test/df.pl',2,2,0);
INSERT INTO tests_script VALUES (19,'MySQL Connections','/var/www/netmrg/cmd/test/mysql_connections.pl',2,2,0);
INSERT INTO tests_script VALUES (23,'PM3 Modems Online (new)','/var/www/netmrg/cmd/test/pm3modems_new.pl %ip',2,3,0);
INSERT INTO tests_script VALUES (25,'Mail Stats','/var/www/netmrg/cmd/test/maillogstat.php',2,2,0);
INSERT INTO tests_script VALUES (26,'NetMRG Stats','/var/www/netmrg/cmd/test/netmrg_stats.php',2,2,0);
INSERT INTO tests_script VALUES (27,'Ping Latency','/var/www/netmrg/cmd/test/ping_time.pl %ip',2,2,0);
INSERT INTO tests_script VALUES (28,'Ferrups','/var/www/netmrg/cmd/test/ferrups.pl',2,2,0);
INSERT INTO tests_script VALUES (29,'TNT - Good Modems (aka avail-suspect)','/var/www/netmrg/cmd/test/snmpdiff.php %ip %community .1.3.6.1.4.1.529.15.1.0 .1.3.6.1.4.1.529.15.3.0',2,4,0);

--
-- Table structure for table 'tests_snmp'
--

CREATE TABLE tests_snmp (
  id int(11) NOT NULL auto_increment,
  name varchar(200) NOT NULL default '',
  oid varchar(250) NOT NULL default '',
  dev_type int(11) NOT NULL default '0',
  PRIMARY KEY  (id),
  UNIQUE KEY id (id),
  KEY id_2 (id)
) TYPE=MyISAM;

--
-- Dumping data for table 'tests_snmp'
--


INSERT INTO tests_snmp VALUES (1,'TNT - Modems Online','.1.3.6.1.4.1.529.10.6.0',8);
INSERT INTO tests_snmp VALUES (2,'Host - System Processes','.1.3.6.1.2.1.25.1.6.0',8);
INSERT INTO tests_snmp VALUES (3,'Host - Logged in Users','.1.3.6.1.2.1.25.1.5.0',8);
INSERT INTO tests_snmp VALUES (4,'Cisco - CPU Utilization','.1.3.6.1.4.1.9.2.1.58.0',8);
INSERT INTO tests_snmp VALUES (5,'UCD - CPU Percent User','enterprises.ucdavis.systemStats.ssCpuRawUser.0',8);
INSERT INTO tests_snmp VALUES (6,'UCD - CPU Percent Idle','enterprises.ucdavis.systemStats.ssCpuRawIdle.0',8);
INSERT INTO tests_snmp VALUES (7,'UCD - CPU Percent System','enterprises.ucdavis.systemStats.ssCpuRawSystem.0',8);
INSERT INTO tests_snmp VALUES (8,'UCD - CPU Percent Nice','enterprises.ucdavis.systemStats.ssCpuRawNice.0',8);
INSERT INTO tests_snmp VALUES (9,'UCD - Load Average - 1 min','laLoad.1',8);
INSERT INTO tests_snmp VALUES (10,'UCD - Load Average - 5 min','laLoad.2',2);
INSERT INTO tests_snmp VALUES (11,'UCD - Load Average - 15 min','laLoad.3',2);
INSERT INTO tests_snmp VALUES (12,'UCD - Available Swap','memAvailSwap.0',2);
INSERT INTO tests_snmp VALUES (13,'UCD - Available Physical RAM','memAvailReal.0',2);
INSERT INTO tests_snmp VALUES (19,'C5k - % Bandwidth','.1.3.6.1.4.1.9.5.1.1.8.0',2);
INSERT INTO tests_snmp VALUES (18,'Open TCP Connections','tcp.tcpCurrEstab.0',2);
INSERT INTO tests_snmp VALUES (21,'C7k Free Memory (Processor)','.1.3.6.1.4.1.9.9.48.1.1.1.6.1',2);
INSERT INTO tests_snmp VALUES (22,'C7k Free Memory (Fast)','.1.3.6.1.4.1.9.9.48.1.1.1.6.5',2);
INSERT INTO tests_snmp VALUES (23,'C7k Used Memory (Fast)','.1.3.6.1.4.1.9.9.48.1.1.1.5.5',2);
INSERT INTO tests_snmp VALUES (24,'UCD - Executable 1','enterprises.ucdavis.extTable.extEntry.extOutput.1',2);
INSERT INTO tests_snmp VALUES (25,'DNS - A Records','enterprises.ucdavis.extTable.extEntry.extOutput.1',2);
INSERT INTO tests_snmp VALUES (26,'DNS - PTR Records','enterprises.ucdavis.extTable.extEntry.extOutput.2',2);
INSERT INTO tests_snmp VALUES (27,'DNS - MX Records','enterprises.ucdavis.extTable.extEntry.extOutput.3',2);
INSERT INTO tests_snmp VALUES (28,'DNS - CNAME Records','enterprises.ucdavis.extTable.extEntry.extOutput.4',2);
INSERT INTO tests_snmp VALUES (29,'DNS - ANY Records','enterprises.ucdavis.extTable.extEntry.extOutput.5',2);
INSERT INTO tests_snmp VALUES (30,'Cisco - RSP - Inlet Temperature (C)','enterprises.9.9.13.1.3.1.3.1',5);
INSERT INTO tests_snmp VALUES (31,'Cisco - RSP - Hotpoint Temperature (C)','enterprises.9.9.13.1.3.1.3.2',5);
INSERT INTO tests_snmp VALUES (32,'Cisco - RSP - Exhaust Temperature (C)','enterprises.9.9.13.1.3.1.3.3',5);
INSERT INTO tests_snmp VALUES (33,'TNT - Dead Modems','.1.3.6.1.4.1.529.15.7.0',4);
INSERT INTO tests_snmp VALUES (34,'TNT - Disabled Modems','.1.3.6.1.4.1.529.15.5.0',4);
INSERT INTO tests_snmp VALUES (35,'TNT - Suspect Modems','.1.3.6.1.4.1.529.15.3.0',4);
INSERT INTO tests_snmp VALUES (36,'TNT - Available Modems','.1.3.6.1.4.1.529.15.1.0',4);
INSERT INTO tests_snmp VALUES (37,'TNT - Busy Modems','.1.3.6.1.4.1.529.15.9.0',4);
INSERT INTO tests_snmp VALUES (38,'Interfaces - Bytes Out','ifOutOctets.%ifIndex%',8);
INSERT INTO tests_snmp VALUES (39,'Interfaces - Bytes In','ifInOctets.%ifIndex%',8);
INSERT INTO tests_snmp VALUES (40,'Interfaces - Errors In','ifInErrors.%ifIndex%',8);
INSERT INTO tests_snmp VALUES (41,'TNT - Connected DS0s','.1.3.6.1.4.1.529.4.21.1.7.%ifIndex%',8);
INSERT INTO tests_snmp VALUES (42,'Disk - Size (kB)','dskTotal.%dskIndex%',8);
INSERT INTO tests_snmp VALUES (43,'Disk - Available (kB)','dskAvail.%dskIndex%',8);
INSERT INTO tests_snmp VALUES (44,'Disk - Used (kB)','dskUsed.%dskIndex%',8);
INSERT INTO tests_snmp VALUES (45,'Disk - Percent Used','dskPercent.%dskIndex%',8);
INSERT INTO tests_snmp VALUES (46,'Disk - Percent Node Usage','dskPercentNode.%dskIndex%',8);

--
-- Table structure for table 'tests_sql'
--

CREATE TABLE tests_sql (
  id int(11) NOT NULL auto_increment,
  name varchar(100) NOT NULL default '',
  sub_dev_type int(11) NOT NULL default '0',
  host varchar(50) NOT NULL default '',
  user varchar(50) NOT NULL default '',
  password varchar(50) NOT NULL default '',
  query varchar(255) NOT NULL default '',
  column_num tinyint(4) NOT NULL default '0',
  PRIMARY KEY  (id),
  UNIQUE KEY id (id),
  KEY id_2 (id,sub_dev_type)
) TYPE=MyISAM;

--
-- Dumping data for table 'tests_sql'
--


INSERT INTO tests_sql VALUES (1,'MySQL Questions',8,'localhost','root','sqlroot','show status like \"Questions\"',1);
INSERT INTO tests_sql VALUES (3,'NetMRG - Active Script Monitors',8,'localhost','netmrgread','netmrgread','select count(*) from netmrg.monitors, netmrg.sub_devices, netmrg.mon_devices where monitors.sub_dev_id=sub_devices.id and sub_devices.dev_id=mon_devices.id and mon_devices.disabled = 0 and monitors.test_type=1',0);
INSERT INTO tests_sql VALUES (4,'NetMRG - Active SNMP Monitors',8,'localhost','netmrgread','netmrgread',' select count(*) from netmrg.monitors, netmrg.sub_devices, netmrg.mon_devices where monitors.sub_dev_id=sub_devices.id and sub_devices.dev_id=mon_devices.id and mon_devices.disabled = 0 and monitors.test_type=2',0);
INSERT INTO tests_sql VALUES (5,'NetMRG - Active SQL Monitors',8,'localhost','netmrgread','netmrgread',' select count(*) from netmrg.monitors, netmrg.sub_devices, netmrg.mon_devices where monitors.sub_dev_id=sub_devices.id and sub_devices.dev_id=mon_devices.id and mon_devices.disabled = 0 and monitors.test_type=3',0);

--
-- Table structure for table 'user'
--

CREATE TABLE user (
  id int(11) NOT NULL auto_increment,
  user varchar(50) NOT NULL default '',
  pass varchar(50) NOT NULL default '',
  permit tinyint(4) NOT NULL default '0',
  view_type int(11) NOT NULL default '0',
  view_id int(11) NOT NULL default '0',
  fullname varchar(200) default NULL,
  PRIMARY KEY  (id),
  UNIQUE KEY id (id,user),
  KEY id_2 (id)
) TYPE=MyISAM;

--
-- Dumping data for table 'user'
--


INSERT INTO user VALUES (2,'balleman','beKi9Eg9j5jvY',3,0,19,'Brady Alleman');
INSERT INTO user VALUES (29,'admin','21OZ4/WxREgV.',3,0,19,'Administrator');

--
-- Table structure for table 'view'
--

CREATE TABLE view (
  pos_id int(11) NOT NULL default '0',
  pos_id_type tinyint(4) NOT NULL default '0',
  graph_id int(11) NOT NULL default '0',
  graph_id_type varchar(20) NOT NULL default '',
  pos tinyint(4) NOT NULL default '0',
  separator_text varchar(250) NOT NULL default '',
  separator_color varchar(10) NOT NULL default '0000A0',
  KEY pos_id (pos_id),
  KEY pos_id_type (pos_id_type)
) TYPE=MyISAM;

--
-- Dumping data for table 'view'
--


INSERT INTO view VALUES (1,1,1,'custom',0,'','0000A0');
INSERT INTO view VALUES (2,1,2,'custom',0,'','0000A0');
INSERT INTO view VALUES (1,1,3,'custom',0,'','0000A0');
INSERT INTO view VALUES (2,1,4,'custom',0,'','0000A0');
INSERT INTO view VALUES (1,1,5,'custom',0,'','0000A0');
INSERT INTO view VALUES (3,1,6,'custom',0,'','0000A0');

